label,teks
0,Ketika harga minyak dunia nyungsep ke level dibawah US$30 per barel pemerintah sama sekali tidak turunkan harga BBM Bukannya subsidi malah laba Giliran harga minyak dunia naik bergegas naikkan harga Harga Minyak Terjun Bebas Harga BBM Kapan Turun?
1,Apa sih bedanya? Harga telur naik kita bingung Harga Minyak naik kita bingung Harga BBM naik kita bingung Harga Unit turun kita bingung Harga Saham Turun kita bingung Harga Emas Turun kita bingung NAH KALAU UP ASURANSI kan tidak turun2 Bingung juga kah?
1,Ini jadi ingat waktu bikin kebijakan stop exsport CPO karna harga minyak goreng naik tapi hasilnya sama di nikmati sekarang harga migor ya tetap ngk turun malah efeknya ke petani sawit yg rugi harga pupuk yg mahal ngk pernah di bahas jadi sama dgn BBM sekarang
0,Saran sih pak mending uangnya buat subsidi bahan pokok aja daripada dikasih ke 20 juta oranglah dapet dana bantuan tapi harga2 sembako dan bbm naik ya buat apa juga duitnya mending subsidi minyak goreng daging sapi dan ayam otomatis ekonomi jadi lebih bergerak!
1,Itu bukan rumus tapi kebiasaan persis ketika harga minyak dunia turun ke level terendah gak ada tuh berita Pertamina turunkan harga BBM tapi ketika naik besoknya langsung lord kasih statement BBM pekan depan bakal naik
0,Kalo mau naikin harga minyak minimal gaji guru honor naik lah pak @jokowi Harga minyak blm naik aja gaji udh habis di minyak doang itupun dah nombok pake uang laen Apalagi kalo dah naek nambah minus keuangan kami pak
0,Selisih harga ditanggung pertamina jika minyak dunia turun untung nya banyak donk yaa Apa lagi kalo harga pertamax terus naik untung nya makin banyak deh
0,Iya naik mulu Ayam turun minyak goreng turun eh telor cabe naik wkwk
1,plis harga bbm jangan naik mana harga telor naik pula ayam mahal minyak goreng pun mahal kasihanilah mamak bapak mak doain abng dapet kerja cepet
1,Ada keuntungan yg Didapat Pertamina dari penjualan BBM ketika harga minyak turun nah wajar jika keuntungan ini utk menutupi kekurangan biaya ketika harga minyak dunia naik dan harga BBM tetap stabil Jadi tidak ada subsidi dan kompensasi dlm BBM stop Jokowi bodohi rakyatnya sendir
0,Lucu ya minyak di naikin setelah itu bagi bagi bansos  bantu org yg susah kerna minyak naik ga usah naikin harga minyak tentu masyarakat tidak akan susah kendalikan harga kebutuhan pokok kalo minyak naik harga diri langsung turun karna jdi miskin kebutuhan pokok meloncat
0,Minyak naik jokowi turun
0,Bener nih kayaknya pas single gaji masih ada sisa lumayan banyak dan cukup cukup aja buat nongkrong sana sini tapi abis nikah beli minyak goreng dan beras aja nyari yg promo  beli cabe bawang merah dan bawang putih berasa mahal karena harga lagi pada naik hahaha
0,Bbm mahal Telor mahal Minyak mahal Pajak naik Masih mau 3 periode
0,Bisa ga sehusahaiin ga usah naik  bbm pak?? Bbm stabil aja minyak awet harganya telur harganya jg melambung ga turun Lah coba nanti klo bbm naik ?? Pengusaha pasti beralasan ini itu untuk naikin harga?? Masih banyak rakyat bapak yang kurang mampu diluar sana pak!!
1,Subsidi BBM setiap tahun naik jika harga minyak dunia turun apa iya subsidi tetap naik?
1,Pada saat harga minyak dunia naik kenapa anda meminta pemerintah menaikkan harga BBM ?
1,Semua harga BBM itu melalui subsidi dan tidak ada melalui mekanisme pasar kalo Pertamax murni mekanisme pasar harganya bisa 100rb per liter belum lg jika US Dollar naik tembus 20rb nanti Kalo ga percaya liat aja harga minyak dunia berapa? Masih kuat ga tuh kantong recehan rupiahny
0,BBM naik listrik naik elpiji naik minyak goreng naik membisu Bersama wong cilik di bagian mana?
1,BBM sebentar lagi naik! Begitulah informasi yang beredar Berbagai alasan untuk menaikkan harga bahan bakar minyak dikemukakan oleh pemerintah dari membengkaknya subsidi sampai alasan kenaikan harga minyak mentah
0,Katanya mekanisme pasar harga minyak dunia lagi turun malah di naikkin harga minyak dunia naik lagi ikut dinaikkin lagi harga minyak dunia turun bbm di sini gk turun mekanisme pasar macam apa itu? 
0,Katanya mekanisme pasar harga minyak dunia lagi turun malah di naikkin harga minyak dunia naik lagi ikut dinaikkin lagi harga minyak dunia turun bbm di sini gk turun mekanisme pasar macam apa itu? 
0,Kalau mau fair audit dulu pertamina dasarnya apa bikin batas atas dan batas bawah harga BBM?? Harga minyak dunia naik nilang tekorharga minyak dunia turun diem2 aja
0,Harga minyak dunia naik harga bbm naik = negara subsidi rakyat Harga minyak dunia turun harga bbm tetep = rakyat subsidi negaraSudah biasa
0,Aduh minyak naik pasti semua harga melonjak gimana sih cara berpikirnya
0,Saat minyak dunia turun anehnya dinegara konoha ini malah harga BBM pada naik Ketika jd oposisi bukan main hebat janjinya stlh berkuasa malah gak lbh baik lbh berantakan
0,Habis minyak goreng terus ini telor ayam habis ini bahan bakar minyak mau apa lagi coba yg naik?
0,baru nyadar dah gua kalo minyak indomie ayam bawang makin dikit padahal harganya naik  demi dah kata gua mah kagak ngapa-ngapa itu harga lo naikin asal minyaknya jangan lo kurangin 
0,Dari langkanya minyak goreng sekrang harga BBM yang naik duh pusing
0,Padahal katanya minyak bumi lagi turun kok ini malah mau naik
0,Minyak dunia turun? BBM kok malah naik?!
1,Cukup berat badan aja yng naik BBM jangan sampe naik Wahai bapak bapak pemerintah berat badan aja udah berat jngan kau tambahi beban beban yg lain Menolak segala kenaikan harga Bahan Bakar Minyak
0,Kalian bawa ke mana hasil minyak mu hingga kau tega naik kan Harga Tanpa memikirkan rakyat kecil mu
0,Harga minyak tanah naik sehingga dapat memicu harga BBM naik
0,Setelah harga minyak naik harga BBM juga ikut naik? Ya ga mampu toh
1,Ya berarti harga minyak dunia ga se naik sekarang Logika gitu aja ga ngerti cil
1,Eh tapi setelah subsidi dan kompensasi naik kok harga BBM tetap naik ya? Eh tapi skrg harga minyak mentah global lg turun kok harga BBM ga turun ya? Jd sebenarnya realisasi subsidi dan kompensasi sejak 1 Jan 2022 sampai skrg sdh brp Rp kah?
0,Dari minyak goreng telor smpai BBMnaik Harga akibatnya Harga Diri  Pemerintah Menurun
1,Kalo harga minyak naik yakin dan percaya dah bahan pokok juga melambung
0,Wajar lah harga minyak lagi naik lu mau subsidi terus sampe negara bangkrut kaya sri lanka? Tapi lebih baiknya sih yang naik cuman buat kendaraan pribadi kalo buat kendaraan umum atau truk logistik gitu mendingan subsidi
1,Bayangin kalau subsidi BBM dicabut 100% dan harga minyak tiap hari berubah gak bakal ada lagi: Turunkan presiden karena harga naik! Karena BBM itu ya tiap hari naik atau turun dan kalau harga di pasar Indonesia naik ya karena subsidi dikurangi aja
1,Kilang terbesar ke enam tutup krn kbkrn indiana Dunia mnghdapi ancaman stok minyak yg akan mngakibatkan yg ada akan naik krn ditengah2 permintaan dunia banyak mnghdapi musim dingin yg akan tiba
0,SEMBAKO NAIK MINYAK NAIK MASA BBM JUGA NAIK NASIB RAKYAT??
1,Harga Minyak Melonjak Subsidi Kian Bengkak Saatnya Harga Pertalite Naik
1,Dampak minyak dunia naik Wajar saja kalo bbm naik Beberapa negara bahkan sampai mati total Baca juga berita mancanegara biar tau ini penyebabnya apa?
1,Jika BBM naik banyak faktor kemungkinan penyebab naiknya harga BBM tersebut salah satunya kasus langkanya minyak goreng kemarin dikarenakan negara Indonesia selama ini mengekspor bahan mentah (kelapa sawit) dan bukan ekspor bahan jadi (kemasan)
1,Budi Karya Sumadi mengatakan harga avtur tidak naik jika harga bahan bakar minyak (BBM) subsidi naik
1, gara gara perang rusia sama ukraina sih penyebab awalnya karna barang ngembargo minyak rusia pdhl rusia salah satu produsen minyak terbesar di dunia makannya bisa masuk opec+ soo bukan gara gara era jokowi ya gara gara impact dari perang itu sendiri makannya harga minyak mentah naik 
0,Minyak naik bensin naik apa apa naik GAJI GAK NAIK
1,BBM naik telor mahal minyak mahal telor gulung makin mahal ya Allah sing dipaparin rizki ka jalma leutik karunya budak SD bekel 2 rebu ngan bisa meuli telor gulung hij
0,Apa harus BBM naik untuk ngurangi Beban APBN? knp gak DPR atau Pemerintah yg d potong Anggaran yg gak faedah BUMN yg gak sehat knp msih d Ada! Dpr mau anggarkn buat kalender ratusan juta apa lbih pnting Trus klo hrga minyak turun knp BBM gak pernah turun
1,dari dulu kalo harga minyak naik trus ongkos naik tp pas turun ongkos tetep wkwkwkkw
0,Zaman SBY hrg minyak mentah tak prnh nympe level terendah / barelnah zmn Jokowi harga minyak mentah anjlok nembus 30 per barel knp BBM Pada naik???? Rumus dari mana bawa2 perang Rusia Ukraina??? Ga sekalian aja kalian bilang Karena ketegangan China dan Amerika juga???
0,Hahahhaha Diajarin yang bener malah ga mau ngerti Kan ga bilang kalo ada alasan yang jelas dan make sense boleh aja naik Maksud lu karena harga minyak dunia turun Indonesia harus turunin juga? Drun drun jgn bloon bloon laaa Lu bandingin dong harga di negara tetangga
0,Hahahhaha Diajarin yang bener malah ga mau ngerti Kan g blg kalo ada alasan yang jelas dan make sense boleh aja naik Maksud lu karena harga minyak dunia turun Indonesia harus turunin juga? Drun drun jgn bloon bloon laaa Lu bandingin dong harga di negara tetangga
1,Pigi bawah mau beli yis lupa pakai mask Naik balik Turun bawah masuk kedai dibeli cola dgn minyak peket yis nya baru teringat hari ni
0,Tapi yang paling ngeri dampak bbm naik biasanya semua barang pada ngikut naik kenapa bisa begitu dah?  Emang lu pada nyiram cabe pada pake solar? Disaat minyak udeh turun  jangan sampe dah kebutuhan lain pada kena imbas kenaikannya dah
1,Kalo di amerika sih gaada subsidi jadi buka bukaan aja harga minyak dunia sangat rendah nih dijual murah tapi kalo lagi naik ya mahal banget Disini pas minyak dunia rendah harganya tetep tinggi Kan ga pernah tuh pas jaman covid pertamax jadi 6000 ga pernah Giliran naik ya naik
1,Nilai tukar Rp 14350 per dolar AS (USD) serta Indonesian Crude Price (ICP) sebesar USD 63 per barel Seiring berjalannya waktu hingga pertengahan tahun harga minyak mulai naik
1,Di web ini Harga minyak dunia itu berubah per menit saat dibuka perdagangan sampe sore ditutup Bisa diliat grafik 1 hari aja naik turunnya parah Makanya diliat nanti pas ditutup berapa tuh Trus dalam 3 tahun terakhir minyak dunia juga di bawah terus
1,Harga jual minyak / BBM mengikuti harga pasar internasional mas Kl harga minyak dunia naik ya hrs menyesuaikan lah Dah b pemerintah Indonesia masih mau subsidi Cb kl gak  MIKIR mas
1,Untung ah naik tak yah bayar duit minyak hahahaha
1,Harga minyak mentah naik salah turun salah
0,Kesian Benda tak naik minyak turun tol turun Tuh baru 22 bulan
1,Begitupun dgn harga jual mie goreng Indonesia adalah salah satu eksportir minyak Kelapa sawit terbesar Apabila harga di luar negeri lebih tinggi produsen akan ekspor barangnya ke luar Di Indonesia terjadi kelangkaan sehingga harga di pasar domestik menjadi naik
1,Harga minyak dunia naik di indonesia ikut naik
0,Ya iyalah! Ini disengaja Perampokan! Juni 2008 harga minyak per barel adalah $18704 tapi harga BBM turun Agustus 2022 harga minyak per barel adalah $8910 tapi harga BBM naik non subsidi semua naik Jadi minyak mentah turun 523% dari 2008 dan bensin naik 70%
1,Harga BBM akan Naik Menhub: Tarif Angkutan Darat Tidak Naik Budi Karya Sumadi mengupayakan tarif angkutan darat tidak akan terdampak penaikan harga bahan bakar minyak (BBM)
1,negara kita uda terlalu banyak ngebakar uang padahal skrg ekonomi dunia secara umum emg lg ga baik + harga minyak mentah naik Sasaran subsidi jg banyak yg salah sasaran jd makin boros Kmaren d tiktok alphard pake pertalite malah dibela sm warga tiktok susah klo mindsetnya gt
1,Ya gimana harga crude oilnya emang naik gila2 Naikin harga minyak disalahin tetep menjaga harga minyak yg bisa berefek ke hyper inflasi bakalan disalahin juga
0,Buset dahh ngajarin pula masalah harga minyakcoba lo cek harga minyak dunia lg naik apa turun ogeb Klo lo sama moyangnya lo aja yg ngrasain naik sih gpp monyongbener ga masalah naiksanggup ga paduka yg mulia buat daya beli dan perekonomian naik 100x lipat jg?
1,Pak Pras dari penjelasan bpk Pertamax murni mekanisme pasar yg dlm pemahaman sy kemungkinan akan ttp di 12500 dan menjadi tdk masuk akal jk naik pd saat minyak dunia turun? Bener gt ga pak? kecuali Pertamina ada intention naikin profit agar lbh besar lg
0,#2024 Gantian Ganti semuanya yg bikin rakyat sengsara tambah menderita krn kebijakan2 yg selalu membuat rakyat sengsara BPJS sembako minyak goreng gas listrik bbm telor semua naik ngga ada yg turun kecuali UMR 
1,Kok nggak dijelaskan naik sampai 9x lipat itu karena apa? Kalau alasannya karena fluktuasi harga minyak mentah dunia apa iya sampai segitu besar? Apa iya semua kendaraan di Indonesia pakai Pertalite dan Solar?
1,Ga akan naik harusnya bahkan bisa turun Kan harga minyak dunia lagi turun ini pertalite yg dikurangin kan subsidinya
0,Orang Orang pilihan pak erick thohir emg keren2 dan berprestasi BUMN2 pada minus semuapaling oke seh pertaminahrg minyak naik bbm ikutan naik gaji karyawan pertamina ikut naik giliran harga minyak dunia turun harga bbm dan gaji karyawan pertamina gamau ikutan turun
0,Bbm naik padahal minyak dunia turun Apakah sby menyesal
1,Bukan perkara si miskin pake A si kaya pake B tapi lebih ke HARGA bahan pokok bakal ikut naik Itu sih sebenernya yg bikin sebel Minyak naik otomatis biaya bahan pokok ikut naik bang
1,aku pernah ngobrol pas baru bgt perang ukraina- russia itu pecah dan harga minyak dunia pada naik temen ku ga percaya kalo bbm bakal naik parah eh bener kejadian wkwkw emang orang kadang susah bgt liat ke dunia luar dimana-mana malah lebih parah dari pada ini naik nya
1,BBM sebentar lagi naik! Begitulah informasi yang beredar Berbagai alasan untuk menaikkan harga bahan bakar minyak dikemukakan oleh pemerintah dari membengkaknya subsidi sampai alasan kenaikan harga minyak mentah Benarkah demikian?
1,Ada konsekuensi bagi setiap Kepala Negara memutuskan apapun kala diterpa situasi harga dunia minyak bumi naik Efeknya salah satu demi menyenangkan warga negara konsumen? Meraih tambahan profit BUMN hasil jual BBM? Kas negara susut bayar subsidi? Monggo dipilih mawon
0,Rakyat tidak ada yang hutang saat beli BBM Ko ngakunya  rugi? Kalau rugi kenapa gajinya pada naik? Saat minyak dunia turun harga Pertamina ga pernah turun harga Masa iya ga tepat sasaran? Coba data aslinya dibuka benar ga sampai ratusan triliun?
1,Penyesuaian harga minyak cm ntar kalo ud turun ya di turunin lagi Langkah selanjutnya tolong dong bangun transportasi umum yg baik Jadi org ada opsi selain naik kendaraan pribadi Terus bangun kilang biar kita bisa olah bkn sebagai net importir
1,Harga minyak goreng naik telur naik gula naik daging sapi dan ayam naik mie instant naik terigu naik cabai naik BBM akan dinaikan Cuma satu yang turun
0,Eneg minyak dunia turun BBM gak turun2 cari laba Eneg minyak dunia naik malah BBM langsung pula ikut naik
1,Gini Mau naik 100X juga gpp Asal Ada alasan yang wajar Makanya lihat dulu alasan kenapa BBM naik? Apakah ada ketidakwajaran? Tau ga sih lu harga minyak bs berubah tiap hari Hahaahahha Belajar lg yaaa 
1,Akhirnya minyak naik lagi pasca covid ke harga rata rata normal rendah 80-90an dollar per barrel Pas perang ukraina-rusia naik jadi setinggi 130 dolar per barel Pertamax langsung naik drastis  Sekarang minyak turun ke angka 94-98 dollar eh naik lagi
0,Tersiksa pendukung kadal gurun alias bos fpi Mereka tau harga minyak dunia naik semua negara mengeluh trus mereka mau harga BBM seumur hidup ga naik Memang ga jalan otak mereka Harga pangan aja naik harga air naik masa BBM yg barang tidak bisa di daur ulang ga naik Mikir
0,Hmmm minyak naik aja ribut klo gak mampu ya pakek ontel aja minyak gak pakek sehatnya dapet
1,Provokator politik ini kurang cerdas yaa Netizen sudah pada pintar kalau HARGA MINYAK DUNIA NAIK AMERIKA saja yang negara super power mengeluh harga BBM mereka yang tinggi Harga yang elu pasang ini masih di subsidi
1,Harga minyak dunia naik Stabilitas Ekonomi Terjaga
0,Enak bnget diatur sndiri ama kecebong cebong dikit2 triak radikal radikul teroris hti khilafah giliran klompok micin korupsi lo mingkem minyak goreng naik mingkem biarin harga sembako naik itu tugas presiden gitu pikaran cebong  ga mikirin emak lo bong  nngis2 didapur
1,Harga Minyak Dunia Naik Peninjauan Ulang Tarif BBM Bersubsidi Dinilai Wajar
1,Ketika harga minyak dunia nyungsep ke level dibawah US$30 per barel pemerimtah sama skali tidak turunkan harga BBM Bukannya subsidi  justru malah laba Giliran harga minyak dunia naik bergegas naikkan harga Harga Minyak Terjun Bebas Harga BBM Kapan Turun?
1,Harga minyak zaman SBY 2004 - 2014 : dari 38 ke 98 dollar naik 6071 dollar sementara zaman jokowi 2014 - 2022 dari 98 ke 102 dollar naik 822 dollar Jus info
1,Polos banget anda Harga minyak dunia turun ke harga rata rata 94-98 dollar per barel kok baru ngomong narik subsidi sekarang Waktu jaman $130 per barel kan udah naik tuh pertamax ke 12500 kok giliran turun malah naik lagi malahan semua wkwkwkwkwk Di US turun udah 70x 3 bulan
1,Masalah bahan bakar minyak alias bensin Harga akan naik Oke ga masalah naik Toh itu kebijakan sudah dipikirkan secara matang oleh pemerintah Cuma pastiin barang ada apa ga? Ini pola nya selalu sama Ketika ada isu mau naik barang selalu langka Ajaib toh?
1,Penghasil minyak terbesar naik negara tetangga aja tgl 17 agustus turun blm nanti harga sembako ikut naik pula
1,Bbm naik minyak goreng naik sdh pasti yg lainya ikut naik kecuali gaji
1,Gk lonjakan harga minyak dunia Indonesia juga naik apa lagi sekarang lonjakan minyak dunia pasti dijadikan alasanku
0,Shell menjual BBM dengan harga pasar Tidak mungkin mereka jual lebih rendah dari harga minyak mentah -+ 11000/Ltr Kecuali pemerintah mensubsidi Petronas bisa jual murah karena disubsidi pemerintah Subsidi Malaysia hanya 750K KiloLiter per tahun Indonesia 23Juta KL per tahun
1,Nilai tukar rupiah terhadap dolar AS di pasar spot menguat pada perdagangan Selasa pagi 30 Agustus 2022 Isu kenaikan harga bahan bakar minyak (BBM) menjadi salah satu yang menjadi pemicu pergerakan rupiah hari ini
0,Menko Luhut Soal Kenaikan Harga BBM: Tak Ada Pilihan Kita Sudah Subsidi Rp 502 T: Meski saat ini harga minyak dunia mulai menurun tetapi selisih harga jual BBM dengan nilai keekonomian masih sangat besar
0,Waktu harga minyak terjun bebas apa mereka turunkan harga minyak?
1,Harga minyak naik atau turun gak ngaruh pendapatan negara dari penjualan minyak juga turun Yang diperlukan adalah pendapatan yang besar untuk menutupi APBN salah satunya bayar pokok dan bunga utang
0,Harga bbm naik kan Indonesia beli dari rusia bung  salah nya para pejabat n wakil kita tidak bisa kelola hasil minyak bumi kita sendiri ? Atau buat keuntungan swasta kan rata2 yang punya tambah perusahaan luar
1,Pemerintah menyiapkan bantalan sosial tambahan sebesar Rp2417 triliun sekaligus mengalihkan subsidi bahan bakar minyak (BBM) agar tepat sasaran Kebijakan ini diharapkan dapat menjaga daya beli masyarakat yang terdampak lonjakan harga yang terjadi secara global
0,Rakyat tidak butuh blt cukup harga minyak tidak dinaikkan sehingga tidak berdampat ke harga kebutuhan sehari hari Otak pakai!
0,BBM naik itu (apalagi minyak dunia harga turun) indikasi Ketakmampuan Mengelola dan ketakmampuannya dibebankan rakyat
0,Mm jd harga minyak dunia dari tahun 2008 - 2014 naik atw turun? Kalau naik maka wajar BBM naik krn bahan baku BBM import Nah masalahnya saat ini bahan baku BBM harganya lagi turun kok harga BBM nya naik terus yaa hehehe
0,Jadi mau ada pemberian BLT kepada rakyat dengan tujuan rakyat dapat mengimbangi harga-harga yang naik Haduh ternyata begini cara liciknya ya Sekalinya harga BBM naik semuanya bakal naik Kenaikan harga BBM itu permanen pemerintah ga mau nurunin kalo harga minyak dunia turun
0,Pasti  BLT cuma sementara Tp kenaikan harga akibat naiknya transportasi akan sulit turut kadang permanen Bahkan harga minyak dunia turun  BBM tetep  dinaikkan
1,Serangkaian pertemuan antara kementerian-kementerian terkait PT Pertamina hingga DPR RI digelar untuk menemukan formula yang tepat terhadap rencana kenaikan harga bahan bakar minyak bersubsidi jenis Pertalite dan solar
1,Di tengah mencuatnya desas-desus kenaikan harga bahan bakar minyak (BBM) bersubsidi pemerintah mengalihkan subsidi BBM sebesar Rp 2417 triliun untuk menambah bantuan sosial kepada masyarakat
1,Pemerintah Republik Indonesia tidak jadi mengumumkan kenaikan harga bahan bakar minyak (BBM) bersubsidi jenis Pertalite dan Solar pada pekan lalu
0,Nah itu kenyataan di luar tukang gorengan masih bejibun dan harganya jg ga turun walau minyak gorengnya sdh turun harga Apa selama ini ga pernah liat tukang gorengan di tempat anda?
1,Minyak turun apabila inflasi dijangka memberi kesan kepada permintaan bahan api - https://beritakinibiz/minyak-turun-apabila-inflasi-dijangka-memberi-kesan-kepada-permintaan-bahan-api/ Harga minyak merosot pada hari Selasa mengurangkan beberapa keuntungan daripada sesi
1,Minyak turun apabila inflasi dijangka memberi kesan kepada permintaan bahan api - https://beritakinibiz/minyak-turun-apabila-inflasi-dijangka-memberi-kesan-kepada-permintaan-bahan-api/ Harga minyak merosot pada hari Selasa mengurangkan beberapa keuntungan daripada sesi
0,soal harga BBM jelas acuannya harga minyak internasional kalau gaji buruh itungannya dari mana jasa buruh itu ngitungnya ya dari nilai jual produknya terus kalau buruh pabrik obat nyamuk minta gaji 25 jt obat nyamuknya mau di jual berapa gobloh kok minta hidup enak
0,Orang bodohyg bikin bbm naik bukn perangtp harga minyak dunia
1,Pertamina Sukses Hemat Anggaran sekitar Rp 6 Triliun di tengah Harga Minyak Dunia Melonjak
0,Selalu berdalih dengan harga keekonomian tapi lupa harga minyak dunia yg lagi turun
1,Di tengah kenaikan harga minyak dunia yang berdampak pada kenaikan biaya produksi BBM Pertamina berhasil mengatasinya karena melakukan berbagai program efisiensi
0,Naik turun harga BBM memang ditentukan dari harga jual minyak dunia Tapi kok harga BBM Shell di Indonesia sangat mahal sih?
1,Menjaga momentum harga minyak goreng turun
0,Kami nggak butuh BLT dsb kami butuh kinerja yg dpt meningkatkan ekonomi kami Contoh dasar kami yg di riau Minyak bumi ada di daerah kami kenapa harga minyak jadi mahal Sehingga harga brg ikut naik Sebab alasan cost meningkat kata perusahaan
1,Harga Minyak Dunia Bakal di Atas USD100 Per Barel Jadi Alasan Pemerintah Naikkan Harga BBM
1,Biasa bang kalo oposisi kan doyan kritik tanpa mengetahui lapangan Perang Ukraina-Rusia yang mengakibatkan naiknya harga minyak yang disalahin presiden Indonesia
0,Kontroversi kenaikan harga bahan bakar minyak (BBM) hingga kini masih terus bergulir Bahkan wacana pemerintah yang akan segera menaikan Pertalite dan Solar pun dibanjiri kritikan 
0,Umpan lambung ke Mensos Tinggal cek Mensos nya korupsi atau tidak lalu rekeningnya tambah gemuk atau tidak Jangan sampai ada dana mengalir ke Partai Merah Bukankah harga minyak dunia lagi turun ?
0,Gw si setuju BBM naik pas minyak dunia naik KALAU BBM jg diturunkan pas minyak dunia turun Jangan enaknya doang Di AS selama pandemi harga bensin bahkan LEBIH MURAH jd pertanyaannya selama pandemi subsidi BBM yg (ktnya) 500T itu apa yg disubsidi?
1,Harga Minyak Goreng di Alfamart dan Indomaret Hari Ini Ukuran 2 Liter Turun Harga
1,tapi buat masalah kenaikan harga BBM menurutku wajar yah karena harga minyak dunia juga naik hal yang sebaiknya lebih perlu disorot menurtku adalah : Kenapa pemerintah melalui Kemen ESDM & Pertamina masih belom bisa secara mandiri mengelola dan menguasai minyak di negeri sendiri?
1,MENTERI Perhubungan Budi Karya Sumadi mengupayakan tarif angkutan darat tidak akan terdampak penaikan harga bahan bakar minyak 
1,Potensi Saudi Pangkas Harga Jual Bulan Oktober Bayangi Pergerakan Minyak
1,Waktu kemarin minyak goreng mahal harga 2x lipat aja dibeli ko bahkan ditimbun berarti daya beli itu ada yang penting ketersediaan stok aman
0,Masuk kayaknya itu barang Lagi curhat harga minyak dunia naik cenah Pemerintah katanya setuju dng Fraksi PDIP Golkar Demokrat dan PKS naik tp subsidi energi harus tepat sasaran Naik bertahap katanya Secara siimultan Demi menjaga proses pemulihan ekonomi & kesehatan APBN
1,Pertamina Hemat Rp6 Triliun di Tengah Lonjakan Harga Minyak Dunia
0,Harga Minyak Dunia Melonjak Pertamina Malah Hemat Anggaran Rp6 Triliun
1,Pdt Aprianus Meta Jangga Uma (Ketua II Badan Pekerja Majlis Sinode Gereja Kristen Sumba) mendukung kebijakan penyesuaian harga BBM oleh pemerintah sebagai akibat naiknya harga minyak global yang hampir dialami oleh semua negara saat ini
1,Untuk memuluskan rencana menaikkan harga Bahan Bakar Minyak (BBM) khususnya BBM jenis Pertalite dan Solar Subsidi Presiden RI Joko Widodo (Jokowi) sepakat menebar beragam bantuan kepada masyarakat yang berhak
1,Ekonomi senior UI Faisal Basri mendukung rencana pemerintah mengerek naik harga bahan bakar minyak (BBM) subsidi Namun kenaikannya tidak sampai 30 persen Berat untuk rakyat
0,Harga minyak dunia turunIndonesia menaikan harga minyak dlm negeri Itu tandanya pemerintah wong cilik
1,Setuju sekali minyak adalah hasil bumi yg tidak bisa di perbaharui dan akan secara otomatis semakin berkurang akan berdampak juga dengan kenaikan harga minyak tsbpada akhirnya habis
1,Untung dr kenaikan/turun hrg bursa Migas dunia per barrelnya maximum 10-20 sen dollar jd utk utk bs untung buat para pemain di bursa S'pore Plate thdp naik-turunnya harga minyak dunia krn permintaan dunia perlu puluhan tanker nongki dng puluhan juta barrel ddlm sbg bukti ada
1,Segini Jumlah Subsidi BBM yang Ditanggung Pemerintah Subsidi BBM dan LPG yg akan ditanggung oleh pemerintah akan lebih besar tatkala harga minyak mentah dunia sudah dalam waktu dua bulan ini tidak mengalami penurunan yang signifikan #SubsidiHarusTepatGuna
0,Kemarin minyak goreng naik aja bikin hampir semua harga makanan ikut naik gmna masih ditambah pertalite naik
1,Kenaikan harga dilakukan setelah mempertimbangkan lonjakan harga minyak mentah Indonesia
1,Bhabinkamtibmas Polsek Soko pantau harga jual minyak goreng curah guna menekan harga tetap stabil
0,Harga minyak goreng turun eh harga pertalite mau naik
1,Di tengah isu kenaikan harga Bahan Bakar Minyak (BBM) bersubsidi Pemerintah kembali menyediakan tambahan bantuan sosial (bansos) bagi rumah tangga miskin (RTM) serta pekerja Pencairan bantuan senilai Rp600 ribu tersebut akan dimulai per 1 September 2022
1,Pengalihan subsidi BBM jadi bansos solusi inilah yang dirasa tepat atasi masalah kenaikan harga minyak dunia 
1,Serangkaian pertemuan antara kementerian-kementerian terkait PT Pertamina hingga DPR RI digelar untuk menemukan formula yang tepat terhadap rencana kenaikan harga bahan bakar minyak bersubsidi jenis Pertalite dan solar
1,Di pasar komoditas harga minyak mentah naik lebih dari 4% Potensi pemangkasan produksi oleh OPEC+ dan konflik bersenjata di Libya berhasil mengimbangi penguatan nilai tukar USD dan prospek suram pertumbuhan ekonomi AS
1,Fluktuasi Harga Minyak Nasional HIPMI Malra Desak PUPR Lakukan Adendum
0,Sulit dipahami ketika dikatakan menyesuaikan harga minyak dunia tapi ktk minyak dunia turun   seolah tdk tau & harga tdk turun  giliran naiklangsung disambar dg beragam alasan
1,Harga minyak dunia emang turun Tapi tetap masih di atas harga edar Pertamina Harga Pertamax masih jauh di bawah Shell dan Vivo kok (kisaran 17500) Udah yg paling murah itu padahal di antara para pesaing non subsidi
0,Enak ada mafia dong harga minyak lebih murah
1,Harga minyak dunia melonjak di awal konflik geopolitik terjadi APBN hadir menjadi shock absorber melalui alokasi subsidi sehingga harga energi domestik tetap terkendali
0,Kalau sdh naik dan harga minyak dumia turun pernahkah di rezim ini harga bbm turun??
0,Minyak produksi sendiri 686000 Barrel per hari itu dijualnya seperti harga pasar? Tinggal ambil cuma biaya LRT dijual sesuai pasar kalau harga dibawah pasar disubsidi atau dikompensasi Enak bener ya elit dapat untung banyak ini
0,Alasan subsidi  hanya untuk manipulasi saja ?? Berapa harga minyak mentah per barel di tingkat internasional dan berapa harga impor minyak mentah pertamina ?? Mbokne annnncuk
1,Harga minyak dunia melonjak di awal konflik geopolitik terjadi APBN hadir menjadi shock absorber melalui alokasi subsidi sehingga harga energi domestik tetap terkendali Sayangnya pengguna energi yang disubsidi ini bukan masyarakat yang benar-benar membutuhkan
0,Kritik Rencana BBM Naik Alvin Lie: Ketika Harga Minyak Dunia Nyungsep Pemerintah Sama Sekali Tidak Turunkan Harga BBM
1,Bukannya harga minyak dunia udah mulai turun ya?
1,Keadaan memaksa untuk bertindak kenaikan harga Karena Energi dan minyak apalagi sedang Krisis perhambatan akan ekonomi terjadi karena terus terus menggunakan subsidi tapi yah Indonesia sudah tergantungan dengan kendaraan jumlah kendaraan mtr lebih banyak dari penduduk
1,Kelangkaan minyak membuat Negara harus bertindak menaikkan harga BBM bro Bukan cuman di Indonesia di negara lain apalagi di negara berkembang jika Terus Terusan menggunakan subsidi maka perekonomian Indonesia akan menurun karena harus mengeluarkan dana Lebih untuk BBM
1,Harga minyak dunia melonjak di awal konflik geopolitik terjadi APBN hadir menjadi shock absorber melalui alokasi subsidi sehingga harga energi domestik tetap terkendali
1,Setelah menaikkan harga bahan bakar minyak (BBM) jenis Pertamax Turbo Pertamina Dex dan Dexlite Pertamina juga akan menaikkan harga BBM jenis Pertalite non-subsidi Pertamax dan solar
0,Di Tengah Harga BBM Naik DPR RI Pakai Uang Rakyat Hampir Rp1 Miliar untuk Kalender
0,Nat kamu tahu jaman SBY BBM naik sampai 350%? Padahal harga minyak dunia turun di 2014 dibandingkan 2008? Subsidi itu ngaruh berapa Nat?
0,Lengkap sudah penderitaan yang dialami rakyat mulai dari harga minyak goreng diikuti harga bahan pokok mau ditambah lagi  Kenaikan harga BBM bersubsidi 
1,Harga minyak dunia melonjak di awal konflik geopolitik terjadi APBN hadir menjadi shock absorber melalui alokasi subsidi sehingga harga energi domestik tetap terkendali
0,Jika ini bener Seumur hidupku cuma di rezim ini  menaikkan BBM smpe segininya SBY naikin 500 perak ada aja politisi yg nangis bombay  sekarang mana dia ???!!!!
0,Melengserkan presiden jelas halal Yang melanggar hukum itu menjabat presiden 3 periode Setuju dg #BBM_NaikJokowiTurun Subsidi diganti BLT 600rb BLT habis rakyat balik miskin ditambah mahalnya harga harga Udh miskin makan gk kebeli
0,BBM naik lagitapi sepi pemberitaan karena tertutup berita Sambo ( bisa jadi) Pentingnya berimbang naikkan suatu case berita Ekonomi masih sulitharga pangan masih mahaltpi BBM naik! Pemerintah abai dgn kesejahteraan rakyat nya
1,Wacana perpanjangan masa jabatan presiden tak berbeda dgn desakan publik agar presiden diganti atau mengundurkan diri jika dirasa gagal dlm mengemban tugas Boleh dong kan Negara Demokrasi yg bebas menyuarakan & berpendapat dimuka umum
0,BLT paling di berikan tiap 3 bln sekali bahkan ada yg 6 bln sekali Sementara tiap hari kita beli BBM bahan pokok dll
0,Hilangkan saja bansos & BLT karena tdak tepat sasaran dananya untuk subsidi bbm biar semua rakyat menikmati dan harga bhan pangan tidak naik
0,Kalau bocoran ini benar berarti BBM bersub di memang naik signifikan Bersiap-siaplah rakyat Indonesia untuk menghadapi efek dari naiknya BBM bersubsidi
1,APBN itu disusun sudah ada kalkulasi kisaran harga minyak dunia brp dolar per barel Mencabut subsidi dengan memberikan bantuan tunai itu sama aja kaya anda sekarat dikasih morfin Semakin banyak diberi BLT uang anda bakalan semakin berkurang
1,Seperti yang dikhawatirkan oleh Anggota Dewan Energi Nasional (DEN) Satya Widya Yudha Jangankan kenaikan yang tinggi peningkatan harga minyak yang hanya US$ 1 dolar per barel saja dapat menimbulkan defisit triliunan rupiah kepada Indonesia
1,Karena negara padat penduduk seperti China India RI mengambil kebijakan harga BBM stabil Negara yg harga BBM nya naik turun itu lebih menguntungkan perusahaan minyak Kamu tahu jaman SBY BBM naik sampai 350% Padahal harga minyak dunia turun di 2014 dari 2008?
0,Masalahnya sampai kapan pemerintah bisa menahan tekanan ini? Defisit akibat gejolak harga minyak diperkirakan bisa mencapai 100 triliun dalam setahun
1,Penetapan harga BBM seharusnya berdasarkan formula yang mengacu kepada harga minyak bumi di pasar global seperti dulu diterapkan pada awal-awal Pemerintahan Presiden Joko Widodo
0,Bukan kamu goblok gak paham ilmu dasar ekonomi Jaman SBY BBM naik sampai 350% Padahal 2014 harga minyak dunia turun dari 2008 Belajar sebelum ASBACOT Jangan KHIANATI BANGSA-MU SENDIRI
1,Harga minyak dunia melonjak di awal konflik geopolitik terjadi APBN hadir menjadi shock absorber melalui alokasi subsidi sehingga harga energi domestik tetap terkendali
1,Harga minyak dunia melonjak di awal konflik geopolitik terjadi APBN hadir menjadi shock absorber melalui alokasi subsidi sehingga harga energi domestik tetap terkendali
1,Karena negara padat penduduk seperti China India RI pake kebijakan harga BBM stabil Nat Negara yg naik turun harga BBM nya itu lebih banyak memperkaya perusahaan minyak Bersyukurlah Jaman SBY BBM naik sampai 350% Nat Padahal harga minyak 2014 turun dari 2008 Belajar!
1,Harga minyak goreng di Indomaret dan Alfamart hari ini Selasa 30 Agustus 2022 Sania Minyak Goreng Refill 2000Ml Rp 35400 Sania 1000Ml Rp 18700
0,Wajib gantian tukang hutang tukang naikkan harga minyak tlg nikmati aja sisa kekuasaan sampe 2024 udh paten x punatau mundur ajamalu2in Republik
1,Bukan negara padat penduduk RI China India pake kebijakan harga BBM stabil Negara yg harga BBM nya naik turun lebih memperkaya perusahaan minyak
0,Lebih murah dari apa? audit aja berapa cost of productionnya spy transparan Krn wkt harga minyak dunia turun kok harga pertamax gak turun?  Sekarang aja harga minya dunia lg turun kok  tp malah minta naik?
1,Bila spbu swasta ? apakah mereka di subsidi juga kenapa harga mereka selalu diatas spbu plat merah terutama saat pademi dan minyak dunia turun padahal diluar sana harga turun drastis
0,Naik jadi 10rb harga minyak dunia pertalite 17rb masih disubsidi 7rb congornya kadrunista ga tau terima kasih ! Mau minyak gratis sono ke afganistan negeri pujaanmu sana lo
0,Biasa rakyat yang bodoh pasti protes harga minyak dunia naik
0,Harga Minyak Goreng Turun Terus Jurus Jokowi Berhasil Nih
0,Halah harga minyak dunia turun harga bbm indon gak ikut turun penguasa kok nyari untung dari rakyatnya penguasa bangsat apalagi yang namanya menteri aseng dan pejabat aseng paling rakus
1,Airlangga Hartato selalu menjaga momentum penurunan harga minyak goreng
0,Naikin tarif mlh bikin sulit pekerjaan abang2 bikin apa2 mahal inflasi Fokus aja ke turunin harga bbm Krn minyak dunia g sdg tinggi kyk jaman sby
0,Harga Minyak dunia sedang turun tapi pemerintah malah menaikan harga BBM semua pihak sdh banyak bersuara menolaknya tapi empati dan simpati Pemerintah sepertinya sdh hilang
1,Alhamdulillah pertalite turun Biasanya saya beli ke SPBU pertalite 20ribu Sekarang tinggal 10rb 
1,RESMI : Tidak ada kenaikan harga Pertalite 1 September 2022 Alhamdulillah
0,Emang masih ada ya yang ngantri di SPBU gara2 kena prank Pertalite naik ?? Gile Jadoel amats hidup lu
0,Kapolri tegas siapapun jadi cawapresnya akhir Agustus malam jaga SPBU pemakaian BBM diawasi titip surat saja utk istri tersayang katanya Innalillahi isinya
0,Kalau mobil seperti pajero innova dll yg sejenis hampir tiap hari lihat di SPBU Bahkan mobil dinas diatas 200 cc pun kadang terlihat Sampai ngantrinya panjang Padahal tempat pengisian Pertamax Dexlite dan pertamina dex sepi
1,tau ga knp orang-orang rela ngantri lama di spbu malam-malam gini ya soalnya bbm night
1,Salurkan BLT BBM di Papua Jokowi Harapkan Daya Beli Masyarakat Meningkat
0,Napa sih ga kepikiran buat SPBU terpisah Yang subsidi dan non subsidi SPBU khusus pertalite dan solar SPBU khusus pertamx dan dex Kalo mobil mewah masuk kan lgsg bisa diusir? Kesian kan Pak rakyat kecil jatahnya terus diembat
1,Orang kecil kita itu lucu2 dan lugu2 SPBU pakai istilah Quota Habis utk BBM subsidi habis Orang2 kecil ngira Quota Internet utk MyPertamina habis ga bisa ngisi Begitu check quota inet masih ada mereka marah2 ya ke SPBU ya ke MyPertamina Perlu bahasa sederhana
0,BuzzeRp jongos penguasa nggak ada suaranya nich BBM subsidi mau naikkali aja ada yg mo nangis -nangis bela rakyat UPS mereka kan bela penguasa ya??? Antrian di SPBU puaaaanjang
0,Efek gak laku sepi pembeli kebetulan harga minyak dunia sudah mulai berangsur turun Pertlite malah akan naik harganya‚
0,Dampak perang rusia-ukraina bikin minyak dunia jadi naik dan terus naik otomatis negeri kita juga kena imbasnya dek Yg nyuruh nte ikut rapat dpr siapa? orang nte juga lagi jualan starling kliling lagi sana dek
0,Mo argumen harga minyak dunia naik ternyata malah anjlok
0,Harga minyak turun tapi harga BBM di Irlandia Barat gk pernh ikut turun Tapi sebaliknya kalau harga minya naik yaa BBM ikut naik dong
0,Naahini slah satu biang karut marut ekonomisampe sekarang minyak goreng masih tinggi daripada sebelum ada kasusdan merembet ke sektor2 lain yg pastinya ikutan naik korupsi hukumannya terberat tanpa remisi dllbukan hanya korupsinya yg http://bahayatp jga dampaknya
0,Woy yg unjuk rasa ketika minyak naik dijaman sby siapa ??kerbo ya 
1,Nambah pov aja minyak satu dunia naik
1,Pemprov Papua menyebutkan bahwa Bantuan Langsung Tunai Bahan Bakar Minyak (BLT BBM) dari Pemerintah Pusat sangat bisa membantu perekonomian keluarga di Bumi Cenderawasih tersebut BBM Jadi Naik
0,UMR kagak boleh naik tinggi2 karena pengusaha tereak Rakyat gaboleh tereak karena harga BBM minyak cabe dan telor naik karena mereka dilarang cengeng Rakyat gaboleh cengeng dan harus pintar menumbuhkan sendiri makanannya #NowPlaying Tulus - Manusia Kuat
1,mumpung pertalite belum naik mbok bolak balik nang Pom bensin tak lakonin sementara giat september prei amplopan nimbun minyak sik ae
0,Waktu harga minyak dunia naik mau ikut naik Waktu minyak dunia turun harga tidak mau turun Waktu Pak SBY harga turun naik sekarang tdk seperti itu lagi
0,Orang puas minyak goreng mahal Orang puas inflasi tinggi Orang puas pertalite naik Orang puas hukum kacau Sakit jiwa 
1,Akibat harga minyak dunia yang semakin naik diperlukan #ReformasiSubsidiUntukRakyat  supaya kuota BBM subsidi tak jebol
1,Ya gimana ya secara harga minyak dunia naik terus ga mungkin lah selamanya mau manjain masyarakat terus harga BBM murah ditengah kenaikan harga minyak dunia
0,Kasian lah dg kondisi saat ini kalau dinaik kan Rakyat semakin sulitdari mana penilain naik Minyak akan mensejahterakan Rakyat
0,Bukan nya sok tajir tapi Setiap Kali minyak langka atau harga Naik Gue ga pernah mau Ikut nunggu antre begitu
1,Trus naik gtu minyak non subsidi dan subsidi di indonesia?
1,YES KAGAK JADI NAIK HARGA BBM SEBAB HARGA MINYAK DUNIA RONTOK JADI RAKYAT KETIMPA DURIAN JATUH REZEKI NOMPLOK
1,INFLASI di Indonesia bisa tertahan utamanya karena kebutuhan pokok sudah dipenuhi dari dalam negeri Termasuk kebutuhan akan minyak goreng Kita produksi sendiri jual-pakai sendiri di dalam negeri Harga udah turun kan? tapi USD naik produk impor jadi naik mahal semuanya
0,Minyak Dunia Turun tapi BBM Endonesah naik?  Ya kalau gak naik Gimana bayar BajerRp & BEM spy dukung kenaikan? 
0,Rakyat yg di bawah  apapun berasa mahal  bang Minyak turun  Eeh Telornya naik Cabe nya pun mulai naik lg
0,Harga minyak dunia rontok lah kok Indonesia malah mau naik harga nya? Piye toh ada apa ini
0,Dan bahkan kalau dilogika kan pertamina bs lebih untung kalap subsidi ilang dan nerapin harga real time minyak mentah dunia Yg jd pertanyaan org pd siap gk pas harga tertinggi? Jgn cm blg harga minyak turun beberapa hari trs naik lg diblg turun terus ampe gk ada harga
0,Inilah keanehan rezim ini disaat minyak dunia naik mereka sangat bernafsu untuk menaikkan harga BBM didalam negeri tp disaat minyak dunia turun mereka pura-pura budek dan tidak mau menurunkan harga BBM Mereka bertepuk tangan diatas penderitaan rakyat
0,Harga minyak sawit mentah (CPO) terpantau akan terus melonjak naik pada pekan ini
0,Siapa yg atur shg naik kan pemerintah apa iya yg disalahkan pedagang minyak eceran atau pom mini atai rakyat yg beli bbm siapa yg bertanggung jawab dong ???
1,minyak naik parkir naik iya aku jg naik pelaminan 
1,Iya naik elektabilitasnya dengan minyak goreng mungkin mirip2 visual pas goreng kerupuk merah buat makan lontong Pak
0,ya makannya sebelum logistik naik stabilin dulu harga harga harga telor itu di peternak murah di pengumpul mahal begitu juga minyak harganya masih kaga logis karena harga sawit itu lagi murah 
0,Maju Mundur Kenaikan BBM Bersubsidi Pengamat: Harga Minyak Dunia Mulai Turun Aneh Jika BBM Bersubsidi Naik
1,Minyak Curah Dikisaran 16 - 18  Ribu Dulu Nyampe 25 - 40 Ribu Kalau Migor Kemasan Masih Mahal kayaknya  1/2 Kg Biasa 11 Ribu Terus Naik 24 Ribu
0,Gw masih ingat dulu masa si banteng ampe demo berjilid jilid gara2 minyak naik cuma 100 rupiah Kok sekarang gak ada demo ya padahal minyak udah sering ganti harga apa mungkin si bantenglah perusak negara?
0,Katanya APBN surplus Katanya BUMN untung Katanya Tolak 3 priode Katanya Demokrasi bagus Nyatanya Negara Amburadul Katanya Revolusi mental tp jubir Istana model begini? Innalillahi ngibulin minyak dunia turun tp minyak +62 akan naik Welcome to the PRANK LIPS OF SERVICE SPBU
1,Stok barunya ditahan nunggu harga naik Nanti klo harga minyak dunia turun pasti turun lagi Cuma emang harusnya subsidi mesti pake apps model peduli lindungi tiap ngisi cukup scan barcode nanti ada kuotanya perhari berdasarkan kendaraan yang didaftarkan ke aplikasi
1,Yang di ramein kemaren kan katanya September udah kesebar dimana Minyak dunia juga belum tentu Oktober harga masih sama Walaupun yang subsidi naik yah gakan signifikan
1,Oh gitu wkwk Soalnya denger2 mau beli minyak dari rusia biar ga perlu naik lg
1,Dikira Naik Detail Resmi Harga BBM Non Subsidi Turun Hari Ini: PT Pertamina (Persero) resmi menurunkan harga bahan bakar minyak (BBM) nonsubsidi Ada tiga jenis BBM nonsubsidi yang mengalami penurunan
0,PULUHAN mobil mewah memenuhi SPBU di Metro untuk mengantre mendapatkan bahan bakar minyak (BBM) Mereka khawatir dengan adanya wacana harga BBM akan naik per 1 September 2022 
0,Alasan BBM Naik Padahal Harga Minyak Dunia Turun Said Didu: Karena Kurs Rupiah yang Melemah https://fajarcoid/2022/09/01/alasan-bbm-naik-padahal-harga-minyak-dunia-turun-said-didu-karena-kurs-rupiah-yang-melemah/ #BBM #HargaMinyakDunia #headline #KursRupiah
0,minyak rontok tp harga minta naik 
0,Kok minyak masih naik bukannya udah turun bos
0,Orang punya kekayaan (minyak) harganya naik di dunia kok sedih?
0,Harga minyak di indonesia naik buat pemilu 2024 dan bayar hutang
1,Yang Nyata Naik adalah Minyak Goreng
1,welcome september!!! di mulai dengan harga minyak naik semoga job juga makin naik 
0,Suka heran sama orang yg ngeluh harga telor naik harga minyak naik padahal beli jilbab BS baju jenna&kaia sepatu TB tas MK aja mampu ga pake ngeluh harganya mahal 
1,Tadi pagi antrian ga ramai harga minyak masih sesuai sebelumnya blm naik
1,Harga minyak mentah dunia naik pada perdagangan mengalami Kenaikan harga minyak mentah akibat rencana Arab Saudi yang akan memangkas produksi IKN Berdampak Positif
1,baru kiat berita ternyata pertalite gajadi naik siapa yang td malem antri minyak?
1,Siapa yg kemarin antri panjang2 di SPBU eh hari ini gak jd naik harga minyak nya Selamat anda kena prank berita
1,Harga minyak mentah dunia naik pada perdagangan mengalami Kenaikan harga minyak mentah akibat rencana Arab Saudi yang akan memangkas produksi IKN Berdampak Positif #hematcermatBBM #AlihSubsidiTepatGuna
0,Bener bgt taun ini rasanya terseok2 karna segala naik Dari minyak ayam telor bumbu2an kaya bawang merah & cengek Sedangkan umk ga naik 
1,Kebijakan kenaikan harga Bahan Bakar Minyak (BBM) subsidi jenis Pertalite pada tanggal 1 September 2022 sudah santer terdengar belakangan ini Namun harga BBM Pertalite tersebut tidak jadi naik pada hari ini
0,BBM Shell malah turun Rp2000 saat harga minyak dunia anjlok lah kenapa BBM Pertamina malah mau naik nggak ke blinger
0,BBM tidak naik tapi harga gas naik dan minyak tanah gaib
1,Pertamina naikin harga buat cover subsidi shell naik karena ngikutin harga minyak dan kebijakan perusahaan Kenapa kok shell naik karena US gengsi buat beli minyak ke Rusia dan harus bayar pake rubel juga
1,Bener! Kalo beli di pasar minggu ayam sepotong 50k tahu 5k udh banyak wortel dan sayuran bisalah 20-30 untuk seminggu telur 15k 1/2kg agak mahal karena naik minyak 20k 1L bawang 10k beras 20k cukup total 150an semingguan
0,Bbm naik kenapa nggak sekalian nambang minyak sendiri aja pack
1,Subsidi dikurangi bukan karena harga minyak naik tapi karena : 1 Beban hutang membengkak 2 Nilai tukar rupiah kita melemah
0,Minyak dunia turun BBM d Indonesia naik Karena mau Meras rakyat buat bayar hutang trus buat naikin gaji karyawan nya Dan juga buat bagun kereta cepat dan IKN Makanya Mentri sekarang lebih kejam dari pada Suzanna si ratu horor
0,Rakyat terutama Pekerja/Buruh d sogok dng BLT 600k demi mulusnya naik harga BBM Sementara 600k hanya mampu mencukupi kebutuhan BBM selama 2 bulan Kenaikan BBM dan bahkan Bisa Naik lagi selama Rezim Menjabat Minyak Dunia Turun Harga BBM Naik Nalar Ekonomi Yang Kebalik
1,Perlunya penyesuaian harga BBM karena harga minyak dunia naik IKN Berdampak Positif
1,mungkin mau komen dikit harga minyak naik cukup besar sekitar 50% dari harga sebelumnya masyarakat ribut dengan dalih ga mikirin masyarakat miskin tinggal jangan naik kendaraan bermotor tinggal ganti sepeda untuk transport emang harga bahan pokok bakal ikut naik juga
0,kemaren ada pernyataan ingin menaikan padahal harga minyak dunia turun batubara yg naik
0,Ongkos naik minyak naik ojol pun gak mau kalah bakalan ikutan naik semua serba naik tapi gaji gak naik naik
1,Harga minyak mentah naik mungkin saatnya buat beralih ke listrik sebagai bahan bakar utama Pemerintah bersama PLN mendukung langkah maju ini #KonversiBBMkeListrik
0,Gimana sih ini pemerintah BBM subsidi harganya gak jadi naik eehh malah BBM non subsidi harganya malah turun #kompordikit woi harga minyak dunia lagi merosot
0,Entah kenapa aku ngga percaya data inflasi Indonesia 4 persen terus dari 2014 Harga minyak naik dan komponen lain naik Kok harga ngga pada naik
0,minyak di Indonesia ga pake minyak dunia rakyat suruh pake minyak angin biar pusing hilang gegara BBM naik!!!!
0,HARGA MINYAK DUNIA TURUN batubara naik pemerintah sudah bilang mau naikin eh kok 1 sept malah diturunin ?
0,harga minyak dunia naik terus yang turun harga diri aja
0,fenomena panic buying di indonesia sering terjadi­ mulai dari masker hand sanitizer susu beruang minyak goreng dan baru baru ini isu bbm naik
0,Detik-Detik BBM RI Naik Minyak Dunia Malah Turun
1,Ciee yg capek2 antri tengah malam baru ndak naik ji minyak
1,Permintaan solar naik tanda aktivitas ekonomi meningkat Pemerintah melalui Airlangga Hartarto berkomitmen memperpanjang insentif ekspor tambah alokasi biodiesel bangun pabrik minyak makan merah dll
0,sebenernya kl dipikir2 kacau jg ya tahun ini pertamax naik 2x pertalite naik 30% lebih blm lagi minyak naik bahan2 lain naik trus rumornya mie aja harganya mau naik mantappp
0,gara gara harga minyak di indonesia mau naik harga minyak dunia jadih anjlok kena prank
0,Hadiah dari kerajaan Barang Naik Kesan kenaikan harga minyak masak masih terasa walaupun harganya telah diturunkan sedikit ditambah pula dengan kenaikan harga bahanapi! Pendapatan rakyat naik tak? Apa usaha Barang Naik ke arah peningkatan taraf kehidupan?
0,Bagi negara yg kurs mata uangnya melemah thdp dollar harga BBM-nya tetap naik walau harga minyak dunia turun Harga Minyak Dunia Rontok hingga ke US$89 per Barel
0,Tapi ada satu negara malah harganya dinaikkan lho Alasannya karena harga minyak dunia naik Dikira warganya mudah ditipu apa ya?
0,Dan jadi dilema BBM gak jadi naik harga (apalagi harga minyak dunia sudah turun) pemerintah justru rugi 24 trilyunan bayar bantalan sosial Makanya ojo grusu grusu
1,Nah apa donk alasannya harga minyak mau naik?
0,Tidak ada gunanya bansos krn kenaikan bbm itu hanya beberapa bulan malah bansos tsb dimainkan sm oknum Dripd mengelurkan bansos atas kenaikan bbm alangkah baiknya harga minyak diturunkan kalo mafia dan pejabat malah senang naik minyak krn uang bertambah dollar per barrel
0,bbm naik kebutuhan pokok jg otomatis naik apalagi yg diluar jawa ya akhirnya terjadi lonjakan inflasi sebenernya gpp naikin bbm tp ya bertahap jgn langsung dinaikin 30% padahal minyak rusia lagi diskon kenapa ngurangin belanja pegawai aja tuh pensiunan dpr ga guna
0,Apaan sih dikit2 demo minyak dunia naik woy petralite di tekan bisa jadi pakai subsidi dan sistem silang harga Otak lo dikit2 demo mulu pasukan nasi bungkus
0,Klo minyak dunia naik kta bsa apa
1,Jika kita tdk KKN BBM kita bisa sama dg harga Arab Saudi/penghasil minyak bumi Kebut sawit luas bisa mengsubsidi minyak bumi harga global naik turun
1,Produksi minyak AS Juni naik 17 persen ke tertinggi sejak April 2020
1,Heboh Kabar Harga Pertalite Naik Harga Minyak Dunia Anjlok! https://cnbcindonesiacom/news/20220831171455-4-368204/heboh-kabar-harga-pertalite-naik-harga-minyak-dunia-anjlok?utm_source=twitter&utm_medium=oa&utm_content=cnbcindonesia&utm_campaign=cmssocmed
0,Oh pantesan  BBM pertalite ga jadi naik gara gara Minyak dunia anjlok ternyata Berarti harga BBM juga harus nya turun dong
1,Harga minyak dunia terus naik seiring perang rusia ukraina Mungkin dlu masih sanggup subsidi tpi krn minyak naik tinggi bgt ya gak mungkin nutup selisihnya dgn subsidi terus Mslh IKN emg terlaku maksa kayanya klo harus lanjut terus skrg
1,Harga minyak dunia terus naik seiring perang rusia ukraina Mungkin dlu masih sanggup subsidi tpi krn minyak naik tinggi bgt ya gak mungkin nutup selisihnya dgn subsidi terus Mslh IKN emg terlaku maksa kayanya klo harus lanjut terus skrg
1,Perlu Penyesuaian Harga Karena Minyak Bumi Dunia Naik
1,Setelah BBM naik kita akan membuat kilang minyak skala kecil di halaman rumah
1,Hay september Kudengar di awal harimu ini harga minyak naik suka ngasih kejutan ya?
1,Klaimnya harga minyak naik kok Pertamax Turbo Dexlite dan Pertamina Dex bisa turun di bbrp provinsi? Brarti harga minyak dunia lagi turun dong?  @jokowi @PartaiSocmed
1,Produksi minyak AS Juni naik 17 persen ke tertinggi sejak April 2020
0,Kan dulu JANJI HARI NI KAMI MENANG ESOK MINYAK TURUN usah turun minyak masak pulak naik
1,Ya klo minyak dunia emang lg naik trus gmana bangklo di subsidi ttep harga awal trus utang nya makin banyak lg negara nanti salah lg pemerintah
0,Kebijakan yg membodohi Apa beda harga naik dan tdk? Minyak naik dapat subsidi (ini rentan salah sasaran) Minyak tdk naik tdk repot2 untuk atur subsidi Memang mau cari nama seolah pemerintah bantu rakyat
0,Pertalite naiknya lebih kurang 31% kan gila ini namanya Enaknya ngetweet begini sambil makan gorengan tapi Gorengan dulu 500 Naik jadi 1000 Kemudian 2000 dapet 3 Kini 5000 dapet 4 Selain mahal ga bagus buat kesehatan takutnya minyak langka lagi
0,Dari kemarin w liat2 pemerintah suka begini Minyak goreng naik masyarakat nya yg diomelin krn gk kreatif masaknya cuma bisa goreng disuruh mikir masakan kukusan sekarang bahan pokok naik juga nih masyarakatnya yg suru nanem sendiri Fungsi pemerintah nih apa kalo boleh tau?
0,Di negara kita ini kalau harga minyak dunia naik harga minyak dalam negeri dinaikkan tapi ketika harga minyak dunia turun harga minyak dalam negeri tetap tidak di turunkan itulah culasnya pemerintah kita
1,Minyak naik Rakyat kena inbasnya apalagi seorang pensiunan katakanlah pensiunan bumn mp yg diterima setiap bulan sebanyak itu2 saja Tdk ada tambahan lainnya bahasa kerennya gaji ke 13 sedangkan minyak sebentar2 naik Mohon maaf Kalau kurang tepat bahasanya
1,Sing sabar banyakin ikhlas terima aja kenyataan kalau misal BBM naik namanya juga Harga Minyak Dunia ikut naik intinya JANGAN CENGENG berani ikutan nyinyir? klik link berikut ini
0,Ini yang ngeluh bbm naik tuh gaji kecil apa nganggur apa gimana sih?  Kan yang naik minyak dunia wajar lah naik yang di middle east penghasil minyak aja naik gimana indonesia? Yah kalo ngeluh gajinya gacukup buat bensin yah naek angkot udeh jangan ngeluh Sama ngopi lu kurangin
1,Sebelumnya Menteri Keuangan Sri Mulyani Indrawati mengatakan BBM Pertamax sampai saat ini juga masih disubsidi Harga di SPBU dijual Rp 12500-Rp 13000 per liter namun seharusnya dg kurs & harga minyak yang naik saat ini harganya Rp 17300 per liter
0,Gila aja sih kl jd naik smp 10rb Dampak minyak goreng sm terigu naik aja udh parah bgt makanan mateng rata2 naik 2-5rb blm lagi ayam sm telur yg termasuk hampir semua org konsumsi Bisa2 beli makan 18rb cuma dpt nasi sm orek tempe
1,harga minyak dunia itu fluktuatif klo pun turun biasanya engg lama dan semenjak krisis global emng harga minyak dunia itu cenderung naik terusjdi buat menetpkan harga bbm itu gbisa smbarangan harus ada itung2an & analisanya kedepan
0,Itu kenaikannya gara-gara apa ya ? Kan harga minyak juga lagi turun  https://cnbcindonesiacom 
0,Heboh Kabar Harga Pertalite Naik Harga Minyak Dunia Anjlok!
0,Lah emang minyak dunia lagi naik Pemerintah juga ga mudah buat keputusan ky gini Dan ini udah ditahan* karena APBN untuk subsidi BBM terlalu tinggi
1,Harga Minyak dunia Terus Turun Harusnya BBM Bersubsidi Tak Perlu Naik
0,Mulai dari Presiden hingga Menteri DPR DPD Staf Ahli TA di era Pemerintahan ini mana tau dia dampak minyak naik mereka hidup dari uang rakyat sementara rakyat disuruh bertani bercocok tanam ternak bekicot? Mana tu Pancasila dan UUD 1945
0,Kmrin minyak goreng naik n solisanya d kukus d rebus dab Skrg BBM naik n solusinya??? Krn klo BBM naik smua ikutan naik n solusinya???
1,Ini harga pertralite dan solar tidak jadi naik kan pak? Jika benar terimakasih pak Semoga harga minyak mentah dunia segera turun
1,Alhamdulillah tidak jadi naik harga BBM semoga harga minyak mentah dunia segera turun
0,Pakde luar biasa minyak naik terusss 
1,minyak naik ges ya
1,Lu makanya pahami efek dari perang Rusia dan Ukraina yg membawa imbas pada minyak dunia dan bahan pangan lainnya Beruntung Indonesia Bisa swasembada pangan sehingga bisa menekan inflasi Yg naik itu Pertamax Dexlite Turbo emang yg demo2 belain siapa ??
0,Harga bahan bakar minyak naik tapi barang jasa gak bisa ikut naik nih? Katanya sih inflasi
1,Pertamax dan Pertalite terpantau tidak jadi naik Malah Pertamax Turbo yang turun Rp2000  Mungkin kah karena Indonesia borong minyak Rusia yang 30% lebih murah daripada Brent dan WTI?
0,Dan kemarin lupa isi bensin yg tinggal 2 strip Krik Krik Oh @jokowi setelah minyak goreng naik jauh telur naik bensin naik ongkir pasti tambah naik semua naik
0,Klo bensin aja naik kebutuhan juga makin naik Minyak goreng masih tinggi cabe jg masih tinggi Belum soal ppn 11% Wkwkwk gini amat jadi warga sipil
0,Baru sebulanan rajin isi minyak pertamax eh harganya malah naik 
1,BBM naik memang karena harga minyak mentah didunia baik Bukan cuma di indonesia aja
0,Ia semenjak anis pimpin BBM naik 13 kali pph naik tarif dasar listrik naik tiket pesawat naik sertifikat bodong minyak goreng langka stop import malah makin banyak importesemka dl
0,oligarki sukses naikin harga minyak goreng tanpa ada perlawanan berarti dari pemerintah yg seharus nya melindungi rakyat nya maka dia seenaknya naikin harga2 yg lain nya seperti sekarang ini telor dan mungkin barang2 yg lain nya sebentar lagi
0,Tolong dong naikin gaji juga minyak naik gaji tak naik ntar beli minyak aja gak makan2
1,Harga Bahan Minyak Dunia terus naik hingga hari ini Saya yg kerja di Kapal di Eropa saja juga kena impact Harus meminimalisir penggunaan bahan bakar karna naik Kalo di Indo gak boleh naik mending jalan kaki aja Biar beban negara gak makin mahal Ato naik transportasi umum
1,Susah bro jelasin sama orang yang sudah benciDia gak liat harga minyak dunia kenapa bisa naiknya dan berapa kenaikannya Memang BBM naik semua ikut naik tapi kalau terus tersubsidi APBN bisa hancur dan negara bisa berantakan
1,Menteri Keuangan Sri Mulyani Indrawati mengatakan BBM Pertamax sampai saat ini juga masih disubsidi Harga di SPBU dijual Rp 12500-Rp 13000 per liter namun seharusnya dengan kurs dan harga minyak yang naik saat ini harganya Rp 17300 per liter
0,Hah aku belum isi minyak keretaaaa Belum naik kan harganya?????
1,Bakal naik ni minyak besok bakal jarang keluar jalan jalan
1,Negara kita hanya ingin tetap stabil dan Bukan untuk memperpuruk rakyat kecil Subsidi tidak lah dihapus namun hanya tejadi penyesuaian harga karena harga minyak aslinya emang naik Semua masih logis dan saya belum lihat bagian tidak masuk akalnyaYg kontra malah tidak logis
1,sejak pertama kali bisa naik kendaraan bermotor dan setiap ada kenaikan bahan bakar minyak tidak sekalipun minat ngantri untuk ngisi tangki full
1,Pendapat kalian tentang bbm naik? Menurut gue sih udah sewajarnya karna minyak bumi kita gak unlimited kayak kuota smartpren jadi yaa someday akan naik juga sih menurut gue
1,Isu harga minyak naik spbu pada rame Kenapa pada berbondong beli sekarang toh bbrp hari kedepan juga beli minyak juga dengan harga yg misalkan jadi naik nantinya
0,Harga minyak dunia turun BBM kita naik sebaiknya JOKOWI turun saja bersama turunnya harga minyak dunia itu lebih deal
0,Baru banget beli printilan melukis buat weekend Masih shock harga canvas dan cat minyak naik 
0,Minyak PP Senin-Kamis jeulingke Montasik dah berapaeh BBM naik Ini sulit tapi berat
1,Harga minyak di SPBU naik 10000 ah biasanya beli ketengan juga segitu
1,kena prank ga jadi naik wkwkwkwk gitu dong harga minyak turun kok
0,Barusan aku cek juga banyak foto orang2 pada ngantriiii  berburuuu sebelum naik Ya ampun udah kaya minyak goreng fix  Tapi emang bikin panik sih
1,Apa banyak yg kena prank gara2 info bbm naik? 
0,Parah bbm yang naik aja gorengan juga bisa naik loh padahal kan gorengnya make minyak sayur bukan bensin
0,KILAS BALIK : Katanya partai WONG CILIK gak taunya partai WONG LICIK BBM NAIK sebaiknya JOKOWI turun karena Jokowi bukan membela wong cilik tapi membela wong cina & oligarki padahal saat ini harga minyak dunia sedang turun
1,bukannya BBM naik karena harga minyak dunia naik akibat perang juga? kalo pemerintah trus neken subsidi malah lebih kacau kek Venezuela
1,Ga bisa mbaknya bilang ga maju2 Di berita itu adalah soal dex turbo cs Yg mana itu ga subsidi dan jelas harga ikut perkembangan minyak dunia Skrg yg antri mayoritas adalah pertalite pertamax dimana dikabarkan akan naik dan kita gtau subsidi e mau dipotong apa ga
0,BBM naik efek domino ujung2nya beras naik minyak naik emak marah2 mulu di rumah Ngomel2 jualannya sepi karena warung pecel dia sepi Rumah jd horor waktu kitA rebahan main ML jadi ga tenang Kalo ga kuat orang tua kita bisa cere anaknya jadi gembel kak
1,harga minyak dunia lagi naik BBM jadi naik jadi lu pada ngausa overspending apalagi ngabisin bengsin buat hal ga penting
0,Apa saya tdk salah baca ?  Harganya malah turun utk bbm mewah tsb Aneh juga Kalau harga minyak dunia naik kok bbm mewah tsb malah diturunkan?  Padahal yg pertalite bersubsidi malah akan dinaikkan
0,kasian ya yang terdampak harga bensin naik tapi kayak gw yg berkecimpung di dunia minyak no comment mau gimana lagi harga minyak mentah mahal dan belum juga biaya prosesnya untuk jadi bensin mahal semua
1,Minyak dunia naik jd ikut naik biasa nya itu yg saya tau
1,Solusi lain ya anda jangan menggunakan bbm kalau gak mau harga naiksemakin lama stok minyak dunia menipis
1,Emang isi bensin sblm harga naik bakal abadi ya bensin nya di dalem tangki minyak
1,emang semuanya lagi pada naik si minyak juga naik pokoknya rata2 pada naik harga
0, kalian sedih ga sih bensin naik? mie telor minyak semuanya naik anak2 rantau kaya kita malah jadi makin seret ya keperluan makin naik mau minta orang tua juga gimana ya Sedih
0,telor naik mie naik bensin naik minyak naik semua naik aneh bgt
1,Mungkin ini bisa dipelintir sebagai opini klasik tapi ngelihat orang berbondong panic buying demi minyak sebelum harganya naik kayaknya buang2 waktu/tenaga ga sih Toh harganya tetap bakal naik ke depan dan yg  toh sia sia juga
0,Nonton tv & nonton youtube bikin kaya orang lain sedangkan yang nonton makin kere boros kuota boros listrik  BBM naik cukup denger dari radio min Uang buat beli kuota alokasikan ke minyak goreng
1,Sebenarnya harga BBM naik itu wajar karna harga di sini jauh di bawah harga minyak dunia Tapi rakyat kita (terutama menengah ke atas) udah kebiasaan di subsidi jadi wajar kalau resah 
1,Sebenernya Indonesia ngikutin mana si minyak dunia naik BBM naik minyak dunia turun BBM malah semakin naik
0,minyak naik bsk tp pada ga peduli aj rakyat Indonesia kebanyakan pdhl imbas kenaikan minyak ini adalah seperti bola salju harusnya subsidi di berikan dulu rakyat tunda pembangunan proyek mercusuar stabilkan rakyat ini dlkehidupan di akar rumput sangat pahit ga semua tersentuh BLT
1,Spbu antrian nya panjang banget Banyak yg kosong juga minyaknyağŸ˜Œ Kalau besok minyak naik naik sepeda ajadah kemanaÂ² atau naek angkot wkwk
0,Dulu harga minyak goreng mahal ada yg nimbun sekarg harga BBM naik apakah ada penimbunan babak II ?? Anjirlah bensin tinggal 1 strip lagi 
1,Tidak dua duanya Ini pemerintah sudah subsidi 500T untuk pertalite sedangkan Minyak dunia naik terus  Mau ngga mau kita juga harus sabar Sama halnya klo kita dgang juga ga mau nombok terus
1,Yok pak @sandiuno  jadi beli minyak Rusia kah? Biar nanti ndak jadi naik harga bbm nya
0,Lah korlap demo nya lagi berkuasa semua jadi stafsus kementrian rejim aktivis kiri 8 tahun hasil nya Omnibuslaw yg mencekik buruh minyak goreng 25rbu/liter Bensin 10rbu/liter gas 3kg naik rokok naik tiap tahun  lawak bener kiri klo pada berkuasa
1,Harga Minyak Dunia Terus Turun Mulyanto Sebut Harga BBM Bersubsidi Tidak Perlu Naik https://repelitacom/harga-minyak-dunia-terus-turun-mulyanto-sebut-harga-bbm-bersubsidi-tidak-perlu-naik/ lewat @Repelita Online
0,Kenapa harus naik ekonomi baru nak stabil udah naik lagi apa gak ada solusi lain padahal kita negara penghasil minyak
0,Solusi lain ya suruh minyak dunia biar gk naik yg aneh itu klu minyak dunia turun dan minyak di indo malah naik
1,Ada yg tanam sawit tp tetap aja minyak goreng naik 
0,Sambo sambo minyak naik bgst
0,Emang peduli saking peduli nya minyak naik di suruh masak jangan pake minyak  Cabe naik di suruh nanem sendiri Terus apalagi yaa
0,Besok BBM naik LAGI pada diem aja nih? Harga minyak dunia lagi naik? Iya gua tau gua paham Setidaknya anggaran buat subsidi lebih urgensi dari pada ngepush IKN kalau hanya untuk elaktibilitas politik semata Heleh
0,Emangnya gara gara jokowi minyak dunia naik!? Salahin perang di ukraina sana jangan suka urraaa urraaa tp giliran minyak dunia dan terigu naik malah ngomel ngomel
1,Kentara gak paham harga pasar minyak Kentara gak mau ngerti jika Indonesia impor bbm  Siapapun presidennya BBM pasti naik  Bbm itu stoknya pasti habis penggunanya sangat banyak makanya harga selalu naik Pelajar kok gak paham?
0,Pantesan SPBU di Jalan Ratna Bekasi tadi antre dan bikin kemacetan sampe Caman Raya ternyata besok BBM udah naik Harga minyak dunia lagi jeblok kok di Indonesia malah naik?
1,Tahun depan kalo ada gagal panen distribusi ngaco atau biasanya bandar yg main (ini yg paling sering) pasti bakalan naik parah bahkan hilang barangnya dari pasaran kayak minyak sayur Banyak doa dan sabar aja sekarang
1,Karena isu pertalite naik org2 pada serbu pom bensin terdekat :) bagaimanapun juga minyak murah itu cuma bisa kau nikmati paling lama seminggu habis itu kan tetap isi lagi juga  ini konsep financenya pade gimane dah
0,Rasakan semua harga naik bensin telor minyak mie dan apalagii 
1,pada ngoceh bbm naik? fyi pertalite itu masih subsidi cuy selama ini aka masih di tanggung negara kalo pengen ngerti harga asli ngikut harga minyak dunia ya bbm non subsidi seperti pertamax
0,Minyak naik gaji masih honorer mau ngojek modal minyak kayak gini bisa gila
1,Ketika minyak naik disarankan direbus saja Besok BBM naik jangan ngadi2 usul pakai listrik loh yaa #pandaikonsumsiBBM
1,Lihat berita nanti jam 0000 harga minyak udah naik jadi udah banyak yg ngantri di SPBU
1,Pertamina Klaim Hemat Anggaran Rp6 Triliun Meski Harga Minyak Naik
1,Berasa sangar naik viksen sambil bawa mie sekardus sama minyak 2 liter 
0,Tai katanya minyak naik kok gajian diundur mana kalo lembur cuma disembah lagi lu kira gua berhala gua abu jahal anjing
1,Iyaa besok kan minyak naik
1,hari ini dengerin keluh kesah bapak gojek  liat mba hari ini rata2 pom bensin penuh semua karna harganya mau naik harga mie instan aja naik gopek mba baru ge harga minyak turun dikit eh telornya naik
1,Bbm naik karena minyak naik apa karena subsidi dipangkas?
1,kelamaan ngikutin P-Drama jadi pada luput kalo besok harga minyak naik
1,Kapan Indonesia beli minyak dari Rusia Biar dolar gak naik Mulu kan penggunaan dolarnya gak kebanyakan
0,Aneh negeri wakanda mah harga minyak dunia naik mereka naikin harga BBM giliran harga minyak dunia turun boro2 nurunin harga BBM Hmmm kudu lebih getol nyari sumber income tambahan ini mah urusannya
0,Minyak bahan pokok banyak yg naik Trus bbm naik?? Udah gitu mafia mafianya juga makin banyakgiliran di tangkep masih di istimewain Wkwkland bener bener dagelan
0,Yang dipakai PMK karena Perpres dan 7 lampirannya ga ada kata-kata kompensasi Berarti entah mereka kongkalikong atau DPR yang tolol Karena itungannya tetap ngawur Minyak naik 70% subsidi sudah naik 56% lalu dasarnya kompensasi lebih banyak dari subsidi dari mana?
1,Bbm naik Minyak naik Telor naik
1,BBM boleh naik tetapi tolong pak harga Minyak Goreng Harga Telor Harga Cabe Harga Kedelai dan Hasil Peternakan dan pertanian  lainnya yang seharusnya bisa dikelola di dalam negeri HARGA HARUS DITEKAN TURUN kita harus mandiri di sektor yang seharusnya bisa J423
0,indahnya hidup dinegara berkembang BBM naik pas harga minyak dunia naik BBM kagak turun pas minyak dunia turun 
1,Orang bingung BBM naik q yg pnting harga cabai gak naik +harga minyak goreng gak naik aman la hdup ku
1,Permintaan solar naik tanda aktivitas ekonomi meningkat Pemerintah melalui Airlangga Hartarto berkomitmen memperpanjang insentif ekspor tambah alokasi biodiesel bangun pabrik minyak makan merah dll
1,orang miskin di indonesia aneh ya pemerintah ngurangin subsidi bbm karena keteteran pada protes giliran ada orang kaya nyerobot bbm subsidi di depan congor banget didiemin bae lagian harga minyak dunia kan emang terus naik
1,bahas ttg harga minyak naik bisa sampe 5 sks bro kompleks bgt gaada maksud mbela tp isu ini udh dr lama dan emg dinaikin pasti krn hasil pertimbangan panjang
0,Berbohong harga minyak dunia lg turun koq harga minyak besok naik beli sekarang sebelum BESOK NAIK
0,puas apanya harga minyak naik terus ko
1,Wajar sih naik wong harga minyak dunia juga lgi tinggi klo ditempatku alhamdulillah stoknya aman2 aja mungkin disitu ada keterlembatan pengiriman
1,mau minyak atau telur aja ka buat makan di kos soalnya harganya lagi pada naik­
0,BBM Bersubsidi Tak Perlu Naik karena Harga Minyak Dunia Turun: ASKARA - Melihat tren pergerakan harga minyak dunia yang terus turun Anggota Komisi VII DPR RI Mulyanto meminta pemerintah tidak perlu menaikkan harga BBM bersubsidi 
0,trus klo sekarang gak naik mmg hrga minyak dunia sedang turun yah drun sono googgling dulu biar tau kondisi.
1,Nih misal harga prediksinya bener ampunn bgt Tau sihh emng harga minyak mentah lagi naik cuma kayak berasa beban bgt kalau mau beli bbm diharga baru Kmrn beli yg 12500 aja langsung kerasa bgt uang jajan hbs di bbm apa lagi nanti pas udh jadi 16 ribu ğŸ˜­
1,sekarang saja harga minyak enceran di daerah saya 1 liter 15000 Rp apalagi kalau harga minyak naik lagi
1,mau naik atau enggak bahan bakar minyak enggak membuatku ngantri untuk mengisi tangki dengan full
0,minyak susah mano naik lagi pake jetpack GTA bae lah
0,tetangga barusan malah seneng bbm naik dia kan pkh katanya tiap ada kenaikan bbm minyak gtu gtu pasti dapet duit tambahan :'' naik segitu doang mah wajar katanya
0,Harga minyak dunia udh turun BBM tetap naik dan subsidi rencana dikurangi pensiun pns mau dihitung ulang dibilang membebani
0,Kyknya ada yg nyari dana ni buat nutupin pembangunan IKN Dana apalagi ni kira2
0,Wacana BBM Bersubsidi Naik 1 September Besok Azzam Mujahid Singgung Harga Minyak Dunia yang Sedang Turun 
0,Harga minyak dunia naik harga BBM ikut naik Harga minyak dunia turun harga BBM tidak turun
0,dia tu naik 2-3 kg pasti lari ke pipi wajarlah langsung ngerasa gembil cm mau turunin bb 3-4 kg kakmu udh kepanasan mcm kena jarang goyang kusumpahi badanmu kek karet gelang kerendam minyak tanah 
0,Besok jadi naik harga bbm? apalagi? Cabe minyak kost burjo warteg apalagi coba? Sementara Sementara para pekerja sangat menderita dengan gaji yang kecil aturan yang tidak jelas sistem yang sulit diskriminasi yang terjadi dan selamat datang di kehidupan nyata
0,Mbak minyak wangi dg dendamnya sama stun krn definitif gk di kemens*l 
1,Bpk Kasi dg kegagalan rumah tangga krn LDM dan konsep arus utama gender selalu merugikan pria  ada sengketa tanah
1,Mbak pencatat bumi yg merasa org pjk gk ada effort kalo udh ngajuin RB tp twokean blm boleh naik
0,sekarang saja harga minyak enceran di daerah saya sudah 15000 Rp apalagi kalau harga minyak naik lagi
0,2 bulan yg lalu BaleJek menurunkan harga tarif  karna kemahalan mulai Selasa besok BaleJek tarif normal seperti dulu dikarenakan harga minyak pertalite naik wkwk Untuk pagi - sore 7K  Jam 1800 - 2100 10K Jam 2100 - 2300 13K (kalau masih on) Jam 2300 - subuh 15K   
1,Kalau bisa isi penuh sebelum harga BBM naik kan syukur juga Sebab kalaupun besok harga BBM naik ongkos pengangkutan belum naik tentu kami akan rugi di minyak
0,Gajinya pake uang rakyat juga ? Harga minyak mau naik kok ga kliatan debat sampe segitunya
0,dulu saya pernah dapat info bahwa gas setara minyak kita tinggi juga artinya setiap kenaikan harga minyak dunia maka pendapatan APBN akan naik bagaimana sekarang Prof  @FaisalBasri ?
1,Indonesia kan negara OPEC penghasil minyak harusnya minyak domestik murah jgn buat susah rakyat kecil Harusnya Pertalite Industri yg naik jangan yg konsumsi publik  Kemiskinan akan meningkat Tolong Pak @jokowi
0,Harga minyak dunia naik Pertalite dan  teman temannya ikutan Naik Tapi harga minyak dunia anjlok Pertalite dan teman temannya nggak pada turun  Wkwkwk Welcome to our negeri 
0,Efeex hutang menggunung rakyak yg di teken  biasanya ada anggaran perubahan ini main naik aja bilang minyak dunia naik !  Produk dalam negri di itung juga dong ga semua import
0,Jangan kasih kendor disaat minyak dunia turun mereka menikmati hasil tp giliran minyak naik dibebankan ke masyarakat
1,#hematcermatBBM #pandaikonsumsiBBM Penggunaan Bahan Bakar Minyak Dijaga kita mengurangi dengan cara naik angkutan umum itu telah berkurang bgt
1,Nilai dollar yg naikharga minyak mentah msh di sekitar 100$ dan kenaikan konsumsi bbminilah faktor2 yg membuat subsidi bbm besar Klo ga mau ada kenaikan harga bbmimpor minyak mentah dr rusia bs jadi solusi
1,Kenaikan harga BBM kan karena harga minyak dunia juga sedang naik tuh
0,Besok katanya BBM naik lagi Jadi banyak yg antri hari ini Nah pertanyaannya adalah kan Minggu depan kalo minyak motornya habis bakal beli juga kan ya hmmmmmmm Kalo ga karena minyak w tinggal 2 titik w tinggal dah
0,Naik terus kapan turunnya Meski minyak dunia kadang naik kadang turun harga tetap naik #BBM_NaikJokowiTurun
1,harga minyak jadi naik?
1,Hopefully hattu ja la Ada info dak kalau minyak hitam tendang naik kotak angin sebab apa?
1,klu subsidi utk hal konsumtif dan hanya dibakar di jln ya mending bt hal yg produktif apalagi bahan mentah minyak dunia lg naik
1,Biasanya kalau harga minyak dunia turun di indie belanda naik
1,Minyak mulai terbatas harga Bbm semakin naik Yuk Pemakaian BBM Dijaga harus cerdas tiap beli
1,#hematcermatBBM pasti bisa!! karena juga harga minyak mentah di Indo lagi naik juga #pandaikonsumsiBBM Pemakaian BBM Dijaga
1,Semakin hari harga minyak semakin naik seharusnya harga minyak ini di dasarkan pada harga minyak di pasar global  #hematcermatBBM #pandaikonsumsiBBM Pemakaian BBM Dijaga
1,di kondisi skrg yg harga minyak dunia lagi naik Pemakaian BBM Dijaga bisa diatasi dengan naik kendaraan umum gais jika memungkinkan  #hematcermatBBM #pandaikonsumsiBBM
0,Subsidi BBM naik! Apa ga kasian ya sama rakyat menengah kebawah yang makin terbebani sama anggaran baru? Tau sih inflasi naik tapi bukannya seharusnya harga BBM sesuai dengan harga minyak bumi dipasar global? #hematcermatBBM #pandaikonsumsiBBM Pemakaian BBM Dijaga
1,Sebenarnya wajar harga BBM naik mengingat harga minyak dunia yang juga naik  #hematcermatBBM #pandaikonsumsiBBM Pemakaian BBM Dijaga
1,Harga BBM naik itu sudah wajar dikarenakan harganya jauh di bawah harga minyak dunia  #hematcermatBBM #pandaikonsumsiBBM Pemakaian BBM Dijaga
1,Karena adanya perubahan harga minyak dunia mentah Indonesia dari 63 dolar AS per barel menjadi lebih dari 100 dolar AS per barel menjadikan BBM di Indonesa jadi naik guys Jadi #hematcermatBBM dan harus #pandaikonsumsiBBM Pemakaian BBM Dijaga
1,Semula alokasi subsidi BBM sebesar Rp 1525 Trilluan dan saat ini termasuk perang yang memicu harga minyak melambung tinggi dan membuat alokasi Subsidi BBM naik 3 kali lipat #hematcermatBBM #pandaikonsumsiBBM Pemakaian BBM Dijaga
1,Mulyanto Nilai BBM Bersubsidi Tak Perlu Naik Karena Harga Minyak Dunia Turun
0,Kirain prediksi togel Taunya prediksi minyak naik Si iwan yang makin fales kira2 bakal nyiptain lagu baru ga ya?
0,Kalau BBM naik otomatis Semua Barang Sembako Ikut Naik sedangkan harga Minyak Goreng masih mahal lalu Cabe dan telor masih  mahal @tvOneNews jujur saya Marah Pak @jokowi kalau BBM di Naik kan
0,Meanwhile harga minyak dunia emg udh naik drastis dan gabisa ketolong lagi iyaa itu bener But then i realized pas kmrn meeting dibilang kalo apbn kita ga cukup buat subsidi lagi bahkan sepolos itu gue mikir rate jual pertalite itu belom dipangkas subsidi gataunyahuft :(
0,300 ribu buat beli beras minyak goreng dan sembako cuma cukup untuk 2 minggu Selebihnya mereka tersiksa oleh harga-harga yang naik Mereka akan tambah merana
1,Ramai Harga Pertalite Naik Bensin Pertalite Campur Minyak Kayu Putih Diklaim Irit Penjelasan Pertamina Bikin Kaget
1,Sepanjang Corona (2020 - 2022) ada beberapa mengalami kenaikan di Indonesia 1 Harga minyak naik 2 Harga telur naik 3 Harga BBM naik 4 Harga tiket pesawat naik
0,Pak anggaran subsidi bukan kan naik mengikuti minyak dunia ya? Perbedaan harga gmn itu menyikapi nya? Kl tetap di angka itu? bingung ini Pak mohon pencerahan Padahal harga minyak dunia 2014 sudah turun dari 2008 Kenapa SBY naikkan harga BBM Nat? Belajar sebelum ASBACOT Jangan KHIANATI BANGSA-MU SENDIRI
0,Mustinya sdh bisa diantisipasi Harga minyak dunia kan ada naik ada turun Wong saat lg harga crude turun knp koq harga bbm gk turun ?
0,Negara Harus Hadir Untuk Memberikan Jalan Keluar Setiap Permasalahan Bukan Malah Membebankan Permasalahan Kepada Rakyat! Jika tiap kali harga minyak dunia naik maka harga BBM akan juga naik sebagai bentuk upaya pemerintah mengurangi beban APBN terhadap subsidi BBM
0,Harga minyak udah tinggi harga BBM juga ikut-ikutan naik brb nangis di pojokan
1,Harga minyak Asia naik terkerek permintaan bahan bakar AS menguat 
1,Dari survei kejaksaan mendapatkan kepuasan yang kembali naik karena presiden dan kejaksaan bertekad berantas mafia minyak goreng 
0,Fluktuatif itu ada naik ada turun cth cabe naik bisa turun telur minyak dsb bkannya bandingin harga 5 tahun lalu Ya semua pasti naik itu namanya inflasi Kok gitu aja gk tau?
0,nunggu kaum atas bilang â€œgada hubungannya dengan umr emang minyak dunia lagi naik
0,Setelah pandemi faktor sepinya bandara ada banyak: 1 Jumlah pesawat turun 50% 2 Harga minyak naik dan tiket jadi mahal 3 Airlines belum berani capex
0,siap-siap harga sembako melejit naik tinggi meski kita punya ladang minyak ternyata ladang tersebut tidak membantu apa-apa terhadap harga BBM
0,akibat minyak bumi pada naik Avtur juga naik otomatis tiket pesawat menjulang uhuhuhu samaa ku juga thn 2018 terakhir kekorea masih dapet 6juta
0,Bukannya dr dulu udah seperti itu dan dari dulu jg tidak sampai seperti skrg dimana saat harga minyak dunia turun malah naik harga bbm dalam negeri malah ngikutin harga minyak dunia turun ya ikut turun bukan malah naik
1,Telor 1kg + minyak 2 liter ada sisa nya beli pertalite mumpung belum naik 
1,Mangkanya sekarang udah ada kebijakan subsidi tepat jadi mobil yg udah 1500 cc keatas udah gaboleh pake solar/pertalite Yaa karena harga minyak lagi naik juga sih
0,Meski Harga BBM Naik Masyarakat Masih Ogah Beralih ke Angkutan Umum: Masyarakat Indonesia tengah ketar ketir terhadap rencana kenaikan harga Bahan Bakar Minyak (BBM) yang hampir dipastikan akan diumumkan pemerintah
1,Minyak dunia emang lagi turun trendnya tapi yg bikin naik itu anggaran subsidi yang ga sesuai target 80% pengguna subsidi itu orang mampu yg gua denger di media lain sih begitu  pajak juga banyak pajak kendaraan yg make nama perusahaan biar pajak tahunan lebih murah
0,Minyak dunia lg turun padahal kok bisa naik sih? Subsidi BBM berapa sebenernya dr pemerintah coba transparansi anggarannya berani?
0,Turunkan harga BBM yang akan naik Turunkan Harga Sombako Kemana semua Minyak untuk Rakyat
0,Alvin Lie: Ketika harga minyak dunia nyungsep pemerimtah sama sekali tidak turunkan harga BBM Giliran harga minyak dunia naik bergegas naikkan harga
0,coba bapak priksa ke psikolog telur naik aja bapak blm mampu stabilkan kmaren2 minyak langka dipake kampanye dulu di KLHK bnyk penebangan liar diem2 bae Lha kok skrg usul gituan?? Wkwk Fokus di tugas anda saja pak
1,Solar dari 5 ribu sekian jadi 7 ribu sekiandexlite apalagi jangan ditanya Semua jenis bahan bakar minyak naik semua yg gak naik cuma Per51b doang diklasmen liga 
0,Minyak dunia turun kok minyak di indonesia malah naik ya‚
1,Dalam hal ini alokasi anggaran mencapai Rp502 triliun digelontorkan untuk subsidi BBM Akhirnya harga BBM yang beredar di masyarakat hanya naik 10 % meski seharusnya kenaikan 100 % karena harga minyak dunia yang juga melonjak drastisNamun dengan kenaikan 10 persen itu
1,Kenaikan harga BBM masih katanya sihMenurut gue wajar BBM naik karena harga minyak dunia per barel juga sudah tinggi Ga mungkin APBN terus di cekek karena subsidi
1,Pertalite itu BBM bersubsidi yang artinya itu hak warga kurang mampu Mereka yang kaya raya gak seharusnya pake Ini kita lagi ngebela hak warga yang diserobot Ini juga salah satu penyebab kenapa harga BBM naik selain karena emang harga minyak dunia yang lagi gak stabil
1,lagi fokus ke penanganan kelangkaan minyak goreng naik telur dan subsidi pertalite
0,Cuma kasih info sj dab saat Pemilu di era Orde Lama seekor kalbun blm lahir di Jatim bersama jutaan bayi yg lainnya Saat itu ortunya lg antri minyak tanah persis sama istrinya yg lg antri Migor ditinggal buat antri Pertalite Syukurlah BBM mo naik lg Hmm
0,Bahan Pokok Naik Harga Minyak naik sekaligus Langkah Pajak naik dan hari ini BBM kemudian Mau naik #BBMNaik_RakyatMenjerit @KemensosRI @DPR_RI @jokowi @jo
1,Harga Bahan Bakar Minyak (BBM) dikabarkan akan naik Dampaknya antrean pengendara tampak mengular di beberapa Stasiun Pengisian Bahan Bakar Umum (SPBU)
0,Masih ingat lagi janji BN masa PRU12 Sedara sedari Kita takkan naikkan harga minyak petrol Kita tau kesusahan rakyat Tup tup jadi KERAjaan semula petrol naik 20 sen se liter Ini tidak dapat dielak katanya Kerajaan tanggung beban  Kena kitai dengan UmNo
1,Misteri kapan harga bahan bakar minyak (BBM) subsidi naik mulai ada titik terangnya Bisa jadi diumumkan besok (kamis 31/9/2022) berlaku 1 September 2022
1,Harga Bahan Bakar Minyak (BBM) dikabarkan akan naik Dampaknya antrean pengendara tampak mengular di beberapa Stasiun Pengisian Bahan Bakar Umum (SPBU) #JatimNow Rest In Peace
1,Ya supaya kadrun mikir kalau harga minyak dunia itu naik dan shell ngikutin harga itu Knp pertamina murah karena masih di subsidi abis-abisan oleh pemerintah
1,sebenarnya kenaikan itu dikarenakan harga minyak dunia naik selain itu agar biar dapat tepat sasaran jdi yg benar2 menggunakan subsidi adalah masyarakat yg tdk mampu
0,Alvin Lie: Ketika harga minyak dunia nyungsep pemerimtah sama sekali tidak turunkan harga BBM Giliran harga minyak dunia naik bergegas naikkan harga
0,Beratnyaaa bbm naik minyak naik
0,Lucuya itu subsidi pemerintah mba/mas Sekarang ada isu naik karna pemerintah sudah tak kuat subsidi bbm ditengah harga minyak mahal gini Kalo lu mampu beli mobil mewah masa bensin bantuan pemerintah kalo di bantu mon maaf ni kismin y? Jual mobilny sesuain ama kemampuan hh
0,Minyak naik gaji segitu segitu aja akwowkwkwk kuntul kuntul
1,harga minyak dunia naek makanya bbm naik
0,BLT BBM cuma nutup uang beli minyak padahal naikin harga BBM di hilir bisa berakibat biaya sembako naik Akhirnya BLT BBM bakal dipake biar dapur tetep ngebul
0,Gegara naik banyak yg dipalsuin minyak goreng
1,Harga sdh merangkak naik sejak minyak goreng
0,Klo minyak dunia naiksdg di dlm negri masih berlaku subsidiknapa gk hentikan sementara pembangunanefisiensi lembagaatau pak beli minyak dari rusia dg disc 30% dari harga pasaran biar hematkatanya fokus pemulihan ekonomi???takut embargo USAbiar kurus nyali gede bos
1,Minyak naik tipis di Asia ditopang sinyal permintaan BBM AS yang kuat 
0,Klo pertamax sudah mengikuti mekanisme pasar Knp tidak dinaikan ketika harga minyak naik atau rupiah turun tapi malah harga tetap dan memilih disubsidi?
1,Laporan yang dirilis American Petroleum Institute (API) pada Selasa menyebutkan bahwa cadangan minyak AS diperkirakan naik 593000 barel untuk pekan yang berakhir 26 AgustusSecara fundamental harga masih akan turun namun tidak signifikan
1,Orang-orang demo bbm naik tapi tau ga sih mereka alesan naiknya harga minyak? Hm
0,Harusnya pemerintah fair n trasnparan dlm subsidi BBM Berapa % limit atas subsidi BBM Jadi public tahu kalau Crude oil naik harga jadi berapa Kalau minyak mentah turun harga jadi berapa Koor zambath presiden n menteri crude oil naik terbalik kala crude oil turun 38 USDolar
0,Tarif ojol naik bbm naik telur naik minyak naik ini kali yang di namakan meroket wussss Serba-serbi MMC
0,kalo di wakanda pas tau harga minyak dunia naik pda gercep pngen naikin harga bbm dengan alesan harga minyak dunia naiktapi pas denger minyak dunia turun pada pura2 budeg dan buta semuabener apa bener
1,worth it aja soalnya telor lg mahal gas harganya naik minyak jg mahal kl 3k sampe 5k mungkin gabakal dpt untung penjualnya 
0,Kabar2 nya harga minyak dunia lagi turuuunBeneran Tetep mau naik nih BBM nya?
0,Gara-gara sambo BBM besok naik kita ga sadar Pesan buat cowo2 abis ini bawa uang lebih sikit pas pigi sama adek Jangan habis di minyak aja nanti ga makan anak orang
0,Gara-gara sambo BBM besok naik kita ga sadar Pesan buat cowo2 abis ini bawa uang lebih sikit pas pigi sama adek Jangan habis di minyak aja nanti ga makan anak orang
1,Banyak yang bertanya jika harga minyak dunia turun mengapa justru di kita BBM akan naik? Kalau logika gw sih jawabannya sederhana Kurs dolar terhadap rupiah Jaman Pak Beye 1 USD di angka 7ribuan - 12ribu Sempat stabil di 9ribuan Sekarang? Hampir menyentuh Rp15000
1,Sinyal harga BBM naik makin menguat Menteri Keuangan menyampaikan BBM Pertamax sampai saat ini juga masih disubsidi Harga di SPBU dijual Rp 12500-Rp 13000 per liter namun seharusnya dengan kurs dan harga minyak yang naik saat ini harganya Rp 17300 per liter Pertalite?
0,Sekarang lebih suka beli lauk mateng nder soalnya kalau masak sendiri malah ga ada bedanya sama beli di luar apalagi harus beli bumbu2an minyak ­ mana pada naik semua harganya
0,Harga minyak global merangkak naik Pemerintah terpaksa melakukan penyesuaian harga BBM
1,15-20 th yl bnyk penelaah anggaran (dja) depkeu yg nyambi jualan minyak wangi ada jg yg jualan nasi padang utk mkn siang dll spy anggaran ndak dicoret kita ramai2 beli tp alhamdulillah skrg tdk ada lg terbukti naik penghasilan naik jg kinerjanya
0,Disaat rakyat susah BBM mau naik minyak goreng telur cabai melejitpajak ppn barang-barang naik dari 10% ke 11%!! Rakyat disuguhi tontonan yg memancing murka amarah melihat caci maki tidak ada etika di siaran TV berskala nasional!!! Ngeriiiii Ngeriiiiii Ngeriiiiiiiiiii !!!!!!!
0,Minyak goreng turun terus malah pertalite naik
0,Klo maju ga mungkin minyak goreng mahal BBM naik sgala macem mahal Logika dasar aja Presiden nya aja masih bagi2 sembako lempar2 lagi mana ada negara maju kaya gitu Mikiiir
1,During war  gold turun minyak naik
0,Hebat kan belio saat harga minyak mentah Dunia di angka USD140/ Barell pertalit Dan solar tidak naik nah loe bisa apa du? Koar koar doang kayak panci rombeng
0,menurut anda menaikan harga BBM ditengah krisis PANTAS?  harga minyak dunia turun Minyak bumi yng ditawarkan rusia tidak dbeli krna ultimatum amerika proyek mobil trans jakarta yng numpuk di Drama bogor hasil karya spayng menolak BLT dan nangis ketika BBM naik spa?
0,Naik harga minyak fix supply di  batasi karena subsidi org di pompa bensin cerita kok petralit mulai di batesin datangnya Sama mirip seperti premium yg lama2 hilang dr pompa bensin
1,Merayakan kemenangan harga minyak goreng naik
0,DI MINYAK KAN BEGITU RUMUSNYA KERJASAMA PEMERINTAH DENGAN PEMILIK MINYAK ATAU SAHAM MINYAK ATAU PERUSAHAAN MINYAK UNTUK KASI NAIK TURUN HARGA DAN TARGETNYA ADALAH APA ? MISALNYA SAYA http://RUSDIANTOBR SPd PETANI KOPI DAN SAHAM PEMERINTAH ADA DI KOPI DAN JUAL BELI KOPI
1,Kenapa hrg minyak dunia turun tp hrg bbm malah naik? Jawabnya : sebagian besar kebutuhan minyak Indonesia masih ngimpor smntr pengelolaan minyak dlm negeri pun melibatkan swasta lokal dn asing Jd kl mau msyrkt menikmati bbm murah bhkn gratis tinggalkan ideologi kapitalisme ny
0,Pasti naik cuma bukan pertanggal 1ntar deh ditanggal 3456yah dalam waktu dekat lah­ Harga minyak dunia turun tapi stok subsidi dah tipiskalo mau harga bbm turun ntar dikira programnya ngikut grup cikeas Yang ada naek terus gak akan turun
1,Karena Pertalite tidak jadi naik maka tidak perlu adanya BLT Kenaikan BBM  Apalagi minyak mentah dunia juga terjun ke US $ 89 hari ini (tgl 2-9-2022) Maka dari itu masyarakat mengharapkan pakde  @Jokowi tidak menandatangani  Sudah tepat kebijakan sekarang
0,Halahtedkuntedjuragan loedulu tukang teriak protas protesdema demokyk kurang kerjaan saat pemerintah naikin harga BBMpadahal saat itu harga naik juga cuma sedikit dan selalu imbang dgn harga minyak dunia Skrng juragan cebong gerombolan loe pd mingkem
1,Minyak dunia naik BBM bakal naik Minyak dunia turun BBM bakal?
0,ini harga bbm minyak goreng warteg naik emg gaji gue doang yang gak ikutan naik anjir cape­
0,Duhhh mana nih rang org yg suka ngebusa bbm dinaikin karena harga minyak dunia naik tuhh skrg di obral di lalaland malah mo naik dasar tai lediggggggg
0,SOLUSI KETUA UMUM PDI PEH MINYAK GORENG NAIK REBUS CABE MAHAL NANAM SENDIRI BBM NAIK LAGI GK USAH PAKE MOTOR
0,Pas harga minyak dunia naik bingung subsidi BBM karena mau naikin harga juga dilema tapi gak pernah mikirin soal penyediaan transportasi publik yang dibangun jalan tol mulu
0,Nah ini poin ngaconya BBM SUBSIDI ITU HARGANYA DIBAWAH HARGA MINYAK GLOBAL ditekan dengan subsidi Pemerintah dimana Subsidi Pemerinta mau Jebol  Giliran Turun minta ikutan Giliran naik Protes
1,Lalu jika nanti dibulan ke 3 misalnya Harga Minyak Dunia TURUN apakah BBM tetap akan naik? Lalu bagaimana BLT yg sdh diberikan? Apakah akan diminta lagi? Atau kenaikan Harga  BBM akan tetap dipertahankan?
1,Pemerintah terutama bu Sri harus intropeksi kenapa ga bisa prediksi hal ini krn udah sempat ribut2 mau naikkan bbm betsubsidi dgn qlasan harga minyak naik tinggi
1,PERTAMINA HEMAT RP 6T DITENGAH LONJAKAN HARGA MINYAK DUNIA
0,Harga minyak yang turun membuat hasrat beli banyak melambung Padahal ga butuh Dasar cewe
1,2 tahun pas pandemi kalau ga salah harga minyak dunia di bawah 50 dolar per barel apakah asap itu udah jadi berlian berapa T? Jutaan T kah?
0,Rezim ini memang beda harga minyak dunia turun malah di Indonesia mau di naikkan kan langka
1,Harga minyak ga jadi naik malah turun
1,KSP menyebut pemerintah sedang menghitung matang soal kenaikan harga bahan bakar minyak KSP meminta agar masyarakat tidak panik
0,Lu pikir masak ga butuh duit? Tau ga lu harga minyak dll nya itu brp? Bahkan bisa lebih mahal dari gofood kalo pengen bahan berkualitas Yaa makanya banyak yg milih engga nikah daripada hidup susah
0,Hebat kan belio saat harga minyak mentah Dunia di angka USD140/ Barell pertalit Dan solar tidak naik nah loe bisa apa du? Koar koar doang kayak panci rombeng
1,Market positif Statistik employment melambat tapi masih bagus So what? Ruthless interest hike ahead inflasi US makin ketauan didorong payroll drpd harga minyak top line growth rata2 gak sampe 8%  jump in today
1,Kenaikan subsidi energi menjadi Rp 5024 triliun pada Juli lalu dilakukan dengan asumsi harga minyak mentah Indonesia atau Indonesia Crude Price (ICP) sebesar 100 dollar per barrel
1,Kalau harga minyak dunia sudah turun yg pastinya bakal d turunin lgi harga BBM nya jadi ga perlu khawatir
1,Asslamualaikum Dunsanak Sahabat Humas Polres Pariaman pemerintah akan mengambil opsi penyesuaian harga BBM bersubsidi sebagai imbas    dari Pemerintah telah menyiapkan sejumlah bantuan sosial (BLT)  kenaikan minyak mentah dunia yang membebani APBN
1,Antrean panjang terjadi di SPBU Tangerang Hal ini dikarenakan ada kekhawatiran kenaikan harga bahan bakar minyak (BBM)
1,Pemerintah tengah dalam proses kalkulasi atas harga bahan bakar minyak (BBM) Pertalite dan Solar Apabila tidak ada kenaikan harga subsidi BBM akan membengkak nyaris Rp 700 triliun
1,Harga minyak dunia sedang turun apakah wajar jika  Pemerintahan @jokowi menaikkan harga bbm subsidi? Saya rasa mereka masih punya akal sehat
0,Jalan2 ke LN pakaian & aksesoris berkualitas  kini monitor harga minyak Babe lu raja minyak?  Juragan minyak ?  Keluarga lu punya ladang minyak ?
0,Halahtedkuntedjuragan loedulu tukang teriak protas protesdema demokyk kurang kerjaan saat pemerintah naikin harga BBMpadahal saat itu harga naik juga cuma sedikit dan selalu imbang dgn harga minyak dunia Skrng juragan cebong gerombolan loe pd mingkem
0,minyak bumi dari sejarahnya naiknya nggak berapa lamadisebabkan krisis politik ekonomi kalo mau memaksa subsidi hitung2nya sekian persen dari harga pasar  pada periode yang sama  mikir2 lama lama mutusin harganya dah turun malu naikin harga pas harganya dah turun
0,Wahahaha PDIP yg dahulu nangis darah dan demo berjilid-jilid saat pak SBY menaikkan harga bbm padahal saat itu harga minyak mentah dunia lebih murah saat ini Pertanyaannya: Kenapa bbm dinaikkan pdhl harga minyak dunia mulai turun? Saat ini hanya 86/ brl tdk di atas 100
0,ini harga bbm minyak goreng warteg naik emg gaji gue doang yang gak ikutan naik anjir cape ­
1,Babinsa Desa Gilirejo Baru Koptu Eko Budi dan Bhabinkamtibmas Desa Gilirejo Baru Brigadir Tri Wahyudi melaksanakan Kegiatan Komsos  bersama Warga Pedagang Toko Sembako DkSumberjo Rt 07 dalam rangka monitoring HET minyak goreng curahdan harga sembako
1,@said_didu kenaikan harga BBM bukan hanya masalah harga minyak dan nilai tukar tapi konsumsi yang melonjak Ini karena mobilitas masyarakat yang semakin meningkat
1,UMKM ekonomi kreatif mulai bangkit dari keterpurukan akibat pandemi Covid-19 Namun kini mereka terancam oleh krisis energi dunia yang berdampak pada menguatnya rencana kenaikan harga bahan bakar minyak #Nusantara #AdadiKompas
1,Gak jadi di taikin krna harga minyak dunia lg anjlok
1,Enggak jadi karna harga minyak dunia anjlok
0,Cuci Gudang Harga Minyak Merosot Lagi Jadi US$86 per Barel Awak sih liatnya sederhana aja ga perlulah penjelasan panjang x lebar dr wamenkeu mas Prastowo Pdhl alasan pemerintah menaikkan BBM krn hrg minyak dunia sdg tinggi2nya Giliran hrg minyak dunia merosot mingkem! ğŸ¤£ğŸ¤£
1,Minyak dunia turun 80usd hari  didu Pemerintah dari kemaren sudah menurunkan harga bbm 500-1500/liter
1,Pemerintah terutama bu Sri harus intropeksi kenapa ga bisa prediksi hal ini krn udah sempat ribut2 mau naikkan bbm betsubsidi dgn qlasan harga minyak naik tinggi
1,Harga jalur lebar internet diturunkan Subsidi minyak ron95 Selebihnya boleh google atau buat kajian selanjutnya ğŸ˜Š
0,iya orang minyak dunia turun kok Indonesia malah naikkin harga parah ah
0,LAPORAN PAK HOAX 11ribu triliun Harga bensin mengikuti harga pasaran minyak dunia Ga ada kenaikan harga BBM mobnas esemka Ga ada rangkap jabatan Korupsi di berantas Hukum yg adil Coba tangkap orang yg ngomong HOAX itu pak
0,Tukang fitnah Nanti ngakunya BBM turun atas andil ahok erik dan jokowi padahal harga minyak emang lagi turun Yg tololnyaa si dumdum ucup dan kloninya ini kalo BBM naik di naikin klo turun ga di turunin dia mingkem
0,alesan bujer sih karena ekonomi dunia sulit akkwoaka Tapi harga minyak dunia lagi turun tuh
1,gegara banyak negara dunia udah mulai nyari energi terbarukan semisal energi listrik buat kendara'an ya? jadi nya harga minyak terkoreksi tolong koreksi kalau salah
1,Coba pikirkan kenapa harga minyak bumi bisa naik Kenapa ndak beli dari rusia saja seperti arab saudi
1,Harga ndak mahal tapi kualitas terbaik Disini Ron 91 12800 Ron 95 17900 sementara harga minyak mentah cuma Usd 89 per barel  Itu jg masih dibilang rugi 
1,Maklum Kalau bekam biasanya pakai minyak spirtus gak pakai Pertalite Jadi gak Update harga 
0,Harga BBM naik akan membuat harga makanan atau sembako dll otomatis naik termasuk tarif ojol dan ongkos kirim Bansos yg akan diberikan jumlahnya berapa dan akan diberikan berapa lama serta penerimanya berapa banyak ? Harga minyak dunia lagi turun kok harga BBM mau dinaikkan ?
1,Belanja minyak mentah + mengolah memasarkan menentukan harga dilakukan sendiri lalu sbg penjual minyak terbesar di Indonesia kog ngaku rugikemudian naikin lagi harganya ambyar nek ngene iki
0,Otak nyampur taik makanya logika g jalan Pasar harga minyak anjlok yg naikin harga malah pemerintah Pasar mana yg kau minta? Dibilang komunis ngamuk sebangsat itu hidup kau?
0,Harga Minyak Dunia Anjlok Sepertinya Pak Joko Akan Nongol berpidato Bahwa Demi Rakyat Maka BBM Tidak Saya Naikkan 
1,harga minyak dunia hari ini merosot gara-gara lockdown china harga minyak dunia jatuh dipicu kembali china yang kembali menerapkan langkah penguncian covid-19 kemudian ditambah kekhawatiran bahwa inflasi yang tinggi dan kenaikan suku bunga mengurangi permintaan bahan bakar
1,Dipicu Ancaman Inflasi Harga Minyak Dunia 'Mager' di Bawah USD 100
0,Tenang ajamau harga minyak dunia tiarap sekalipunyakin klo pemerintah pasti tetep naikin hrga bbm Klo bisa naikkenapa harus turun?Pemimpin kita kan konsisten naikharus berani tampil beda dgn negara lain donk
0,Harga minyak dunia naik atau turun tidak bisa langsung diikuti oleh masing-masing Negara krn minyak mentah atau jadi tergantung dgn harga pembelian sebelumnya Masa sekelas mantan pejabat tidak tau
1,perhari hari ini BBM juga belum naik kan ? ini bukti bahwa Pemerintah masih memikirkan kondisi rakyatnya yang walaupun resiko meningkatkan angka inflasi kirain cuma Indonesia aja yang ngalami kenaikan harga minyak mentah ? hampir seluruh pengimpor minyak mentah naik
1,Sinyal pemerintah untuk menaikkan harga Bahan Bakar Minyak (BBM) bersubsidi semakin menguat #SolusiBLTBBM Bangkit Indonesia
0,Gak Jadi Naikkan Harga BBM Disaat Harga Minyak Dunia Turun Itu Bukan Bentuk Kepedulian Jangan Berlagak Ikut Harga Internasional Kalau Gak Paham! Sampai Sini Paham? 
0,#BBM_NaikJkwTurun Di negeri wakanda justru malah naik Penguatan Dolar Buat Harga Minyak Dunia Anjlok
0,Baca reply banyak orang indo egois Naik harga minyak itu dunia bukan cuma di indo Di Jerman harga listrik air minyak hingga gas pada naik Lagian aneh Kalian tuh maunya dapat enak aja Pemerintah yg nanggung Giliran pemerintah putar otak kalian heboh juga Serba salah
0,goblokharga minyak dunia lg turun makanya banyakin belajar biar pinter
0,Itulah hebatnya Pak De baru ngancam naikkan BBM aja harga minyak dunia langsung anjlok Tidak akan ada yg mampu menyamai dia Sudah cocok ?
1,BBM jangan dinaikkan dulu Pak harga minyak mentah dunia lagi turun dari $140 ke level $80 kasian masyarakat
0,Harga minyak dunia sudah turun kabinet presiden masih menghitung besaran kenaikan BBM 
0,Jangan gembira harga minyak dunia turun
0,Ketika harga minyak goreng meroket dan langka di pasaran rakyat dianjurkan mengurangi memasak dengan cara menggoreng Ketika harga cabe naik rakyat diminta untuk berkebun cabe di halaman rumah
